Institution Name	Institution Symbol	Institution State	Library Type	Requests To Lender	Requests To Lender From WorldCat	Requests Canceled	Requests Filled	Requests Filled (Loan)	Requests Filled (Copy)	Requests Unfilled	Direct Request: Unmediated	Direct Request: Mediated	Average Turnaround Time For Filled Requests (dd:hh:mm)	Average Turnaround Time For Loan Filled Requests (dd:hh:mm)	Average Turnaround Time For Copy Filled Requests (dd:hh:mm)
ABILENE CHRISTIAN UNIV	TXC	TX	Academic	2	2	0	0	0	0	2	0	0	0:00:00	0:00:00	0:00:00
ABILENE PUB LIBR	TXB	TX	Public	2	2	0	1	1	0	1	0	0	1:00:00	1:00:00	0:00:00
ADELPHI UNIV	VJA	NY	Academic	1	1	0	0	0	0	1	0	0	0:00:00	0:00:00	0:00:00
AIR UNIV LIBR	AAU	AL	Federal/Natl Government	2	2	0	0	0	0	2	0	0	0:00:00	0:00:00	0:00:00
ALACHUA CNTY LIBR DIST	FMG	FL	Public	3	3	0	0	0	0	2	0	0	0:00:00	0:00:00	0:00:00
ALASKA STATE LIBR	ALK	AK	State Library	1	1	0	1	1	0	0	0	0	0:00:00	0:00:00	0:00:00
ALBANY PUB LIBR	ABY	OR	Public	8	8	0	0	0	0	8	0	0	0:00:00	0:00:00	0:00:00
ALBUQUERQUE BERNALILLO CNTY LIBR	QUE	NM	Public	1	1	0	0	0	0	1	0	0	0:00:00	0:00:00	0:00:00
ALMA COLL LIBR	EZA	MI	Academic	1	1	0	1	1	0	0	0	0	5:00:00	5:00:00	0:00:00
ALSIP-MERRIONETTE PARK PUB LIBR	JCF	IL	Public	1	1	0	0	0	0	1	0	0	0:00:00	0:00:00	0:00:00
ALTADENA LIBR DIST	ALD	CA	Public	1	1	0	0	0	0	1	0	0	0:00:00	0:00:00	0:00:00
ALTOONA AREA PUB LIBR	AOP	PA	Public	1	1	0	1	1	0	0	0	0	3:00:00	3:00:00	0:00:00
AMERICAN UNIV	EAU	DC	Academic	1	1	0	1	1	0	0	0	0	1:00:00	1:00:00	0:00:00
AMERICAN UNIV WASHINGTON COLL OF LAW	WCL	DC	Academic	1	1	0	0	0	0	1	0	0	0:00:00	0:00:00	0:00:00
AMES PUB LIBR	UIB	IA	Public	2	2	0	1	1	0	1	0	0	2:00:00	2:00:00	0:00:00
AMHERST COL	AMH	MA	Academic	1	1	0	0	0	0	1	0	0	0:00:00	0:00:00	0:00:00
ANGELO STATE UNIV	ANG	TX	Academic	1	1	0	0	0	0	1	0	0	0:00:00	0:00:00	0:00:00
ANNISTON-CALHOUN CNTY PUB LIBR	ACCPL	AL	Public	1	1	0	0	0	0	1	0	0	0:00:00	0:00:00	0:00:00
ANTELOPE VAL COL LIBR	AUV	CA	"Junior, Community, Technical Colleges"	1	1	0	1	1	0	0	0	0	0:00:00	0:00:00	0:00:00
ANYTHINK	BYV	CO	Public	2	2	0	0	0	0	2	0	0	0:00:00	0:00:00	0:00:00
APACHE CNTY LIBR DIST	FV6	AZ	Public	1	1	0	0	0	0	1	0	0	0:00:00	0:00:00	0:00:00
APPALACHIAN SCH OF LAW LIBR	A2Q	VA	Academic	1	1	0	1	1	0	0	0	0	1:00:00	1:00:00	0:00:00
APPALACHIAN STATE UNIV	NJB	NC	Academic	3	3	0	0	0	0	3	0	0	0:00:00	0:00:00	0:00:00
ARAPAHOE LIBR DIST	CO2	CO	Public	5	4	0	1	1	0	4	0	0	4:00:00	4:00:00	0:00:00
ARCADIA PUB LIBR	CGB	CA	Public	2	2	0	0	0	0	2	0	0	0:00:00	0:00:00	0:00:00
ARKANSAS RIVER VAL REG LIBR	AVR	AR	Public	5	5	0	0	0	0	5	0	0	0:00:00	0:00:00	0:00:00
ARKANSAS STATE UNIV BEEBE	AS4	AR	Academic	2	2	0	1	1	0	1	0	0	0:00:00	0:00:00	0:00:00
ARLINGTON HEIGHTS MEM LIBR	JBL	IL	Public	1	1	0	0	0	0	1	0	0	0:00:00	0:00:00	0:00:00
ARTHUR JOHNSON MEM LIBR	AJM	NM	Public	1	1	0	0	0	0	1	0	0	0:00:00	0:00:00	0:00:00
ASOTIN CNTY LIBR	XYT	WA	Public	3	3	0	0	0	0	3	0	0	0:00:00	0:00:00	0:00:00
AUGSBURG UNIV LINDELL LIBR	MNA	MN	Academic	1	1	0	1	1	0	0	0	0	1:00:00	1:00:00	0:00:00
AUSTIN PEAY STATE UNIV	TPA	TN	Academic	2	2	0	2	2	0	0	0	0	0:12:00	0:12:00	0:00:00
B.F. JONES MEM LIBR	BFJ	PA	Public	5	5	0	0	0	0	5	0	0	0:00:00	0:00:00	0:00:00
BALDWIN CNTY LIBR COOP	AL5CW	AL	Public	2	2	0	2	2	0	0	0	0	4:00:00	4:00:00	0:00:00
BALL STATE UNIV LIBR	IBS	IN	Academic	1	1	0	0	0	0	1	0	0	0:00:00	0:00:00	0:00:00
BALTIMORE CNTY PUB LIBR	B@L	MD	Public	2	2	0	0	0	0	2	0	0	0:00:00	0:00:00	0:00:00
BARTHOLOMEW CNTY PUB LIBR	INB	IN	Public	2	2	0	0	0	0	2	0	0	0:00:00	0:00:00	0:00:00
BARTON COL	NQZ	NC	Academic	1	1	0	0	0	0	1	0	0	0:00:00	0:00:00	0:00:00
BASTROP PUB LIBR	T3L	TX	Public	1	1	0	0	0	0	1	0	0	0:00:00	0:00:00	0:00:00
BAXTER CNTY LIBR	BXT	AR	Public	1	1	0	0	0	0	1	0	0	0:00:00	0:00:00	0:00:00
BAYLOR UNIV	IYU	TX	Academic	6	6	0	4	4	0	2	0	0	0:18:00	0:18:00	0:00:00
BELLEVUE PUB LIBR	BLL	NE	Public	1	1	0	0	0	0	1	0	0	0:00:00	0:00:00	0:00:00
BELLINGHAM PUB LIBR	BLP	WA	Public	22	22	0	16	16	0	8	0	0	2:04:34	2:04:34	0:00:00
"BELLINGHAM TECH COL, INFO TECH RES CTR"	B2T	WA	Academic	2	2	0	0	0	0	2	0	0	0:00:00	0:00:00	0:00:00
BENEDICTINE UNIV LIBR	ICG	IL	Academic	1	1	0	0	0	0	1	0	0	0:00:00	0:00:00	0:00:00
BENNINGTON COL	BNT	VT	Academic	1	1	0	0	0	0	1	0	0	0:00:00	0:00:00	0:00:00
BEREA COL	KBE	KY	Academic	1	1	0	0	0	0	1	0	0	0:00:00	0:00:00	0:00:00
BERKLEE COLL OF MUSIC LIBR	BKC	MA	Academic	1	1	0	0	0	0	0	0	0	0:00:00	0:00:00	0:00:00
BEVERLY HILLS PUB LIBR	BHP	CA	Public	1	1	0	0	0	0	2	0	0	0:00:00	0:00:00	0:00:00
BICENTENNIAL LIBR OF COLSTRIP	YPK	MT	Public	3	3	0	0	0	0	3	0	0	0:00:00	0:00:00	0:00:00
BIG BEND COMMUN COL LIBR	Z$3	WA	"Junior, Community, Technical Colleges"	1	1	0	1	1	0	0	0	0	0:00:00	0:00:00	0:00:00
BIG HORN CNTY LIBR	W8B	WY	Public	2	2	0	0	0	0	2	0	0	0:00:00	0:00:00	0:00:00
BIG HORN CNTY PUB LIBR	YFY	MT	Public	1	1	0	0	0	0	1	0	0	0:00:00	0:00:00	0:00:00
BIRMINGHAM-JEFFERSON PUB LIBR	ABJ	AL	Public	3	3	0	2	2	0	1	0	0	2:00:00	2:00:00	0:00:00
BLUE MOUNTAIN COMMUN COL LIBR	BMT	OR	Academic	1	1	0	1	1	0	0	0	0	4:00:00	4:00:00	0:00:00
BLUE RIDGE REG LIBR	VMA	VA	Public	1	1	0	0	0	0	1	0	0	0:00:00	0:00:00	0:00:00
BLUFFTON UNIV	BLC	OH	Academic	1	1	0	1	1	0	0	0	0	0:00:00	0:00:00	0:00:00
BOB JONES UNIV	SGB	SC	Academic	1	1	0	1	1	0	0	0	0	0:00:00	0:00:00	0:00:00
BOISE PUB LIBR	OEK	ID	Public	3	3	0	3	3	0	1	0	0	2:00:00	2:00:00	0:00:00
BOSTON PUB LIBR	BRL	MA	Public	1	1	0	0	0	0	1	0	0	0:00:00	0:00:00	0:00:00
BOWDOIN COL	BBH	ME	Academic	1	1	0	1	1	0	0	0	0	1:00:00	1:00:00	0:00:00
BOZEMAN PUB LIBR	MZG	MT	Public	1	1	0	0	0	0	1	0	0	0:00:00	0:00:00	0:00:00
BRAZORIA CNTY LIBR SYST	T7B	TX	Public	2	2	0	1	1	0	1	0	0	5:00:00	5:00:00	0:00:00
BRIGHAM YOUNG UNIV IDAHO	RIC	ID	Academic	8	8	0	1	1	0	7	0	0	0:00:00	0:00:00	0:00:00
BROADWATER SCH & COM LIBR	YYK	MT	Public	8	8	0	5	5	0	3	0	0	1:14:24	1:14:24	0:00:00
BROOKLYN PUB LIBR	BKL	NY	Public	0	0	0	1	1	0	0	0	0	8:00:00	8:00:00	0:00:00
BRYN MAWR COL	BMC	PA	Academic	1	1	0	1	1	0	0	0	0	0:00:00	0:00:00	0:00:00
BUCKS CNTY FREE LIBR	DPB	PA	Public	1	1	0	1	1	0	0	0	0	3:00:00	3:00:00	0:00:00
BUFFALO & ERIE CNTY PUB LIBR	VHB	NY	Public	3	3	0	3	3	0	1	0	0	3:00:00	3:00:00	0:00:00
BURLINGTON PUB LIBR	BUP	IA	Public	1	1	0	0	0	0	1	0	0	0:00:00	0:00:00	0:00:00
BUTTE CNTY LIBR	JQI	CA	Public	2	2	0	1	1	0	1	0	0	4:00:00	4:00:00	0:00:00
BUTTE-SILVER BOW PUB LIBR	MZE	MT	Public	1	1	0	1	1	0	0	0	0	0:00:00	0:00:00	0:00:00
CAL POLY HUMBOLDT	CHU	CA	Academic	1	1	0	0	0	0	1	0	0	0:00:00	0:00:00	0:00:00
CALDWELL PUB LIBR	ZFR	ID	Public	2	2	0	1	1	0	1	0	0	0:00:00	0:00:00	0:00:00
CALIFORNIA INST OF THE ARTS LIBR	CIA	CA	Academic	0	0	0	0	0	0	1	0	0	0:00:00	0:00:00	0:00:00
CALIFORNIA STATE UNIV FULLERTON	CFI	CA	Academic	4	4	0	2	2	0	2	0	0	0:12:00	0:12:00	0:00:00
CALIFORNIA STATE UNIV NORTHRIDGE	CNO	CA	Academic	3	3	0	2	2	0	1	0	0	4:00:00	4:00:00	0:00:00
CALIFORNIA STATE UNIV SAN BERNARDINO LI	CSB	CA	Academic	1	1	0	1	1	0	1	0	0	2:00:00	2:00:00	0:00:00
CALIFORNIA STATE UNIV-E BAY LIBR	CSH	CA	Academic	1	1	0	0	0	0	1	0	0	0:00:00	0:00:00	0:00:00
CALIFORNIA STATE UNIV-LONG BEACH LIBR	CLO	CA	Academic	6	6	0	3	3	0	3	0	0	2:00:00	2:00:00	0:00:00
CALIFORNIA STATE UNIV-SACRAMENTO LIBR	CSA	CA	Academic	2	2	0	1	1	0	1	0	0	1:00:00	1:00:00	0:00:00
CAMAS PUB LIBR	Z#6	WA	Public	8	8	0	5	5	0	3	0	0	1:04:48	1:04:48	0:00:00
CAMP VERDE COMMUN LIBR	ZE5	AZ	Public	1	1	0	0	0	0	1	0	0	0:00:00	0:00:00	0:00:00
CAMPBELL CNTY PUB LIBR	WYG	WY	Public	2	2	0	2	2	0	0	0	0	0:12:00	0:12:00	0:00:00
CAPITAL UNIV	CAU	OH	Academic	1	1	0	0	0	0	1	0	0	0:00:00	0:00:00	0:00:00
CAROL STREAM PUB LIBR	JST	IL	Public	1	1	0	0	0	0	1	0	0	0:00:00	0:00:00	0:00:00
CARROLL CNTY PUB LIBR	CKW	MD	Public	1	1	0	0	0	0	1	0	0	0:00:00	0:00:00	0:00:00
CARROLL COLL	MTC	MT	Academic	1	1	0	1	1	0	0	0	0	0:00:00	0:00:00	0:00:00
CARSON CITY PUB LIBR	NVX	NV	Public	2	2	0	0	0	0	2	0	0	0:00:00	0:00:00	0:00:00
CASPER COL LIBR	CWY	WY	Academic	1	1	0	1	1	0	0	0	0	0:00:00	0:00:00	0:00:00
CEDAR PARK PUB LIBR	XZ7	TX	Public	1	1	0	0	0	0	0	0	0	0:00:00	0:00:00	0:00:00
CEDARVILLE UNIV	CDC	OH	Academic	2	2	0	1	1	0	1	0	0	2:00:00	2:00:00	0:00:00
CENTRAL ARKANSAS LIBR SYST	AKD	AR	Public	1	1	0	1	1	0	0	0	0	5:00:00	5:00:00	0:00:00
CENTRAL CONNECTICUT STATE UNIV	CTB	CT	Academic	1	1	0	1	1	0	0	0	0	1:00:00	1:00:00	0:00:00
CENTRAL MICHIGAN UNIV	EZC	MI	Academic	1	1	0	1	1	0	0	0	0	2:00:00	2:00:00	0:00:00
CENTRAL OREGON COMMUN COL LIBR	CEO	OR	Academic	4	4	0	5	5	0	0	0	0	2:04:48	2:04:48	0:00:00
CENTRAL WASHINGTON UNIV LIBR	CWU	WA	Academic	6	6	0	5	5	0	1	0	0	0:04:48	0:04:48	0:00:00
CENTRALIA PUB LIBR	YX7	MO	Public	1	1	0	0	0	0	1	0	0	0:00:00	0:00:00	0:00:00
CERRITOS PUB LIBR	CER	CA	Public	2	2	0	0	0	0	2	0	0	0:00:00	0:00:00	0:00:00
CHAPMAN UNIV	CCX	CA	Academic	4	4	1	2	2	0	2	0	0	1:00:00	1:00:00	0:00:00
CHARLOTTE MECKLENBURG LIBR	NPC	NC	Public	1	1	0	0	0	0	0	0	0	0:00:00	0:00:00	0:00:00
CHEMEKETA COMMUN COL	CHK	OR	"Junior, Community, Technical Colleges"	3	3	0	1	1	0	2	0	0	1:00:00	1:00:00	0:00:00
CHEMEKETA COOP REG LIBR SERV	CHY	OR	Corporate	15	15	0	5	5	0	15	0	0	7:04:48	7:04:48	0:00:00
CHERRY VAL PUB LIBR DIST	JX9	IL	Public	1	1	0	0	0	0	1	0	0	0:00:00	0:00:00	0:00:00
CHICAGO PUB LIBR	CGP	IL	Public	3	3	0	1	1	0	2	0	0	1:00:00	1:00:00	0:00:00
CHRISTENDOM COLL	PYY	VA	Academic	1	1	0	0	0	0	1	0	0	0:00:00	0:00:00	0:00:00
CHRISTIAN CNTY LIBR	MO3	MO	Public	1	1	0	0	0	0	1	0	0	0:00:00	0:00:00	0:00:00
CITY OF COOS BAY-ESO	BAY	OR	Public	11	11	0	3	3	0	5	0	0	1:07:55	1:07:55	0:00:00
CLACKAMAS COMMUN COL LIBR	CCK	OR	"Junior, Community, Technical Colleges"	1	1	0	0	0	0	1	0	0	0:00:00	0:00:00	0:00:00
CLARKSON UNIV LIBR	VYT	NY	Academic	1	1	0	1	1	0	0	0	0	2:00:00	2:00:00	0:00:00
CLATSOP COMMUN COL LIBR	CLK	OR	Academic	1	1	0	1	1	0	0	0	0	1:00:00	1:00:00	0:00:00
CLOVIS CARVER PUB LIBR	CVC	NM	Public	1	1	0	0	0	0	1	0	0	0:00:00	0:00:00	0:00:00
COAL CITY PUB LIBR DIST	OF9	IL	Public	2	2	0	1	1	0	1	0	0	1:00:00	1:00:00	0:00:00
COASTAL CAROLINA UNIV	ZKJ	SC	Academic	1	1	0	0	0	0	1	0	0	0:00:00	0:00:00	0:00:00
COCHISE CNTY LIBR DIST	BAZ	AZ	Public	1	1	0	0	0	0	1	0	0	0:00:00	0:00:00	0:00:00
COEUR D'ALENE PUB LIBR	ZVR	ID	Public	10	10	0	4	4	0	6	0	0	0:00:00	0:00:00	0:00:00
COLLEGE OF DUPAGE LIBR	IBI	IL	"Junior, Community, Technical Colleges"	1	1	0	1	1	0	0	0	0	1:00:00	1:00:00	0:00:00
COLLEGE OF SAN MATEO LIBR	CMT	CA	Academic	1	1	0	0	0	0	1	0	0	0:00:00	0:00:00	0:00:00
COLLEGE OF SOUTHERN IDAHO LIBR	Y#6	ID	Academic	3	3	0	2	2	0	1	0	0	0:00:00	0:00:00	0:00:00
COLLEGE OF THE HOLY CROSS	HCD	MA	Academic	1	1	0	0	0	0	1	0	0	0:00:00	0:00:00	0:00:00
COLLEGE OF WESTERN IDAHO	IDCWI	ID	Academic	1	1	0	0	0	0	1	0	0	0:00:00	0:00:00	0:00:00
COLORADO MESA UNIV	COM	CO	Academic	2	2	0	0	0	0	2	0	0	0:00:00	0:00:00	0:00:00
COLUMBIA CNTY RURAL LIBR	WACCR	WA	Public	2	2	0	1	1	0	1	0	0	0:00:00	0:00:00	0:00:00
COLUMBIA COLL CHICAGO LIBR	IBZ	IL	Academic	1	1	0	0	0	0	1	0	0	0:00:00	0:00:00	0:00:00
COLUMBUS METROP LIBR	OCO	OH	Public	4	4	0	1	1	0	3	0	0	6:00:00	6:00:00	0:00:00
COLUSA CNTY FREE LIBR	CUP	CA	Public	1	1	0	1	1	0	0	0	0	2:00:00	2:00:00	0:00:00
COMMERCE PUB LIBR	CCZ	CA	Public	1	1	0	0	0	0	1	0	0	0:00:00	0:00:00	0:00:00
COMMUNITY COLLEGES OF SPOKANE	BV1	WA	Academic	1	1	0	0	0	0	0	0	0	0:00:00	0:00:00	0:00:00
COMMUNITY LIBR NETWORK	K#T	ID	Public	21	21	1	5	5	0	15	0	0	0:00:00	0:00:00	0:00:00
COMMUNITY LIBR NETWORK@POST FALLS	P9F	ID	Public	8	8	0	7	7	0	2	0	0	0:17:02	0:17:02	0:00:00
"COMMUNITY LIBR, THE"	Y$5	ID	Public	1	1	0	0	0	0	1	0	0	0:00:00	0:00:00	0:00:00
CONRAD PUB LIBR	YUX	MT	Public	3	3	0	1	1	0	1	0	0	5:00:00	5:00:00	0:00:00
CONVERSE CNTY LIBR	W6V	WY	Public	1	1	0	0	0	0	1	0	0	0:00:00	0:00:00	0:00:00
COOK MEM PUB LIBR DIST	JBI	IL	Public	1	1	0	1	1	0	0	0	0	1:00:00	1:00:00	0:00:00
CORBAN UNIV LIBR	OOY	OR	Academic	4	4	0	2	2	0	2	0	0	0:12:00	0:12:00	0:00:00
CORNERSTONE UNIV	EXB	MI	Academic	1	1	0	1	1	0	0	0	0	0:00:00	0:00:00	0:00:00
CORONADO PUB LIBR	CNP	CA	Public	1	1	0	0	0	0	1	0	0	0:00:00	0:00:00	0:00:00
COSUMNES RIVER COL	CCR	CA	Academic	1	1	0	1	1	0	0	0	0	1:00:00	1:00:00	0:00:00
COTTEY COL LIBR	CCF	MO	Academic	1	1	0	0	0	0	1	0	0	0:00:00	0:00:00	0:00:00
COUNCIL BLUFFS PUB LIBR	IWB	IA	Public	1	1	0	1	1	0	0	0	0	1:00:00	1:00:00	0:00:00
COUNTY OF LOS ANGELES PUB LIBR	JQW	CA	Public	6	6	0	0	0	0	5	0	0	0:00:00	0:00:00	0:00:00
CRAWFORD CNTY LIBR SYST	C#L	AR	Public	1	1	0	1	1	0	0	0	0	4:00:00	4:00:00	0:00:00
CROOK CNTY LIBR	CCLIB	OR	Public	1	1	0	0	0	0	1	0	0	0:00:00	0:00:00	0:00:00
CUNY BROOKLYN COLL LIBR	VDB	NY	Academic	1	1	0	0	0	0	1	0	0	0:00:00	0:00:00	0:00:00
DALLAS COLL	TDJ	TX	Academic	1	1	0	0	0	0	1	0	0	0:00:00	0:00:00	0:00:00
DALLAS PUB LIBR	IGA	TX	Public	7	7	0	1	1	0	6	0	0	5:00:00	5:00:00	0:00:00
DANIEL BOONE REG LIBR	ZAB	MO	Public	1	1	0	0	0	0	1	0	0	0:00:00	0:00:00	0:00:00
DANVILLE PUB LIBR	JPI	IL	Public	1	1	0	0	0	0	1	0	0	0:00:00	0:00:00	0:00:00
DAUGHERTY PUB LIBR DIST	JN9	IL	Public	1	1	0	0	0	0	1	0	0	0:00:00	0:00:00	0:00:00
DAVIDSON COL	NNM	NC	Academic	1	1	0	0	0	0	1	0	0	0:00:00	0:00:00	0:00:00
DAVIESS CNTY LIBR	MQW	MO	Public	1	1	0	0	0	0	1	0	0	0:00:00	0:00:00	0:00:00
DAVIESS CNTY PUB LIBR	KOD	KY	Public	1	1	0	1	1	0	0	0	0	0:00:00	0:00:00	0:00:00
DAVIS CNTY LIBR	UTD	UT	Public	1	1	0	0	0	0	1	0	0	0:00:00	0:00:00	0:00:00
DEL MAR COLL	CDM	TX	Academic	3	3	0	1	1	0	2	0	0	0:00:00	0:00:00	0:00:00
DELAWARE CNTY DIST LIBR	ODG	OH	Public	1	1	0	0	0	0	1	0	0	0:00:00	0:00:00	0:00:00
DELAWARE CNTY LIBR SYST	DEL	PA	Public	2	2	0	2	2	0	0	0	0	3:12:00	3:12:00	0:00:00
DELTA STATE UNIV	MCD	MS	Academic	1	1	0	0	0	0	1	0	0	0:00:00	0:00:00	0:00:00
DENISON UNIV	DNU	OH	Academic	1	1	0	1	1	0	0	0	0	0:00:00	0:00:00	0:00:00
DENTON PUB LIBR	QS3	TX	Public	1	1	0	0	0	0	1	0	0	0:00:00	0:00:00	0:00:00
DENVER PUB LIBR	DPL	CO	Public	7	7	0	4	4	0	3	0	0	5:00:00	5:00:00	0:00:00
DES MOINES AREA COMMUN COL	JID	IA	"Junior, Community, Technical Colleges"	1	1	0	1	1	0	0	0	0	1:00:00	1:00:00	0:00:00
DES MOINES PUB LIBR	IOU	IA	Public	3	3	0	1	1	0	2	0	0	1:00:00	1:00:00	0:00:00
DESCHUTES PUB LIBR	DCH	OR	Public	22	22	0	9	9	0	13	0	0	0:05:17	0:05:17	0:00:00
DILLON CITY LIBR	YZV	MT	Public	2	2	0	1	1	0	1	0	0	4:00:00	4:00:00	0:00:00
DORDT UNIV	IOT	IA	Academic	1	1	0	1	1	0	0	0	0	1:00:00	1:00:00	0:00:00
DOUGLAS CNTY LIBRS	DAD	CO	Public	3	3	0	1	1	0	1	0	0	4:00:00	4:00:00	0:00:00
DRAKE UNIV	IOD	IA	Academic	1	1	0	1	1	0	0	0	0	3:00:00	3:00:00	0:00:00
DUNKLIN CNTY LIBR	MJ5	MO	Public	2	2	0	0	0	0	2	0	0	0:00:00	0:00:00	0:00:00
DUQUESNE UNIV	DUQ	PA	Academic	1	1	0	0	0	0	1	0	0	0:00:00	0:00:00	0:00:00
EAGLE PUB LIBR	E9G	ID	Public	3	3	0	2	2	0	1	0	0	6:00:00	6:00:00	0:00:00
EAST BATON ROUGE PARISH LIBR	LEB	LA	Public	1	1	0	0	0	0	1	0	0	0:00:00	0:00:00	0:00:00
EAST BONNER CNTY LIBR	E4B	ID	Public	5	5	0	0	0	0	5	0	0	0:00:00	0:00:00	0:00:00
EAST CAROLINA UNIV	ERE	NC	Academic	3	3	0	1	1	0	2	0	0	0:00:00	0:00:00	0:00:00
EAST CENT UNIV LINSCHEID LIBR	ECO	OK	Academic	1	1	0	0	0	0	1	0	0	0:00:00	0:00:00	0:00:00
EAST TENNESSEE STATE UNIV	TET	TN	Academic	1	1	0	0	0	0	1	0	0	0:00:00	0:00:00	0:00:00
EASTERN ILLINOIS UNIV	IAD	IL	Academic	3	3	0	0	0	0	3	0	0	0:00:00	0:00:00	0:00:00
EASTERN NEW MEXICO UNIV MAIN CAM	IPU	NM	Academic	1	1	0	1	1	0	0	0	0	0:00:00	0:00:00	0:00:00
EASTERN OKLAHOMA DIST LIBR	OEA	OK	Public	2	2	0	0	0	0	2	0	0	0:00:00	0:00:00	0:00:00
EASTERN OREGON UNIV LIBR	EOS	OR	Academic	8	8	0	8	8	0	0	0	0	1:00:00	1:00:00	0:00:00
EASTERN WASHINGTON UNIV	WEA	WA	Academic	24	24	0	20	20	0	5	0	0	0:01:12	0:01:12	0:00:00
EDMONDS COMMUN COL LIBR	Z24	WA	Academic	0	0	0	0	0	0	1	0	0	0:00:00	0:00:00	0:00:00
EL PASO COMMUN COL	TXE	TX	"Junior, Community, Technical Colleges"	1	1	0	0	0	0	1	0	0	0:00:00	0:00:00	0:00:00
ELKHART PUB LIBR	IEB	IN	Public	1	1	0	0	0	0	1	0	0	0:00:00	0:00:00	0:00:00
ELMHURST PUB LIBR	JBU	IL	Public	2	2	0	0	0	0	2	0	0	0:00:00	0:00:00	0:00:00
EMBRY-RIDDLE AERONAUTICAL UNIV DAYTONA	FER	FL	Academic	1	1	0	1	1	0	0	0	0	0:00:00	0:00:00	0:00:00
EMMAUS BIBLE COL LIBR	E9B	IA	Academic	2	2	0	2	2	0	0	0	0	0:12:00	0:12:00	0:00:00
EMMETT PUB LIBR	EMMET	ID	Public	1	1	0	0	0	0	1	0	0	0:00:00	0:00:00	0:00:00
EMORY & HENRY COL	VEH	VA	Academic	1	1	0	0	0	0	1	0	0	0:00:00	0:00:00	0:00:00
EMPORIA PUB LIBR	EP2	KS	Public	1	1	0	0	0	0	1	0	0	0:00:00	0:00:00	0:00:00
EMPORIA STATE UNIV	KKR	KS	Academic	1	1	0	0	0	0	1	0	0	0:00:00	0:00:00	0:00:00
EVANGEL UNIV LIBR	MOE	MO	Academic	1	1	0	0	0	0	1	0	0	0:00:00	0:00:00	0:00:00
EVANSVILLE VANDERBURGH PUB LIBR	IEP	IN	Public	1	1	0	1	1	0	0	0	0	0:00:00	0:00:00	0:00:00
EVERETT PUB LIBR	UAI	WA	Public	1	1	0	1	1	0	0	0	0	1:00:00	1:00:00	0:00:00
FAIRBANKS N STAR BOROUGH LIBR	X#4	AK	Public	1	1	0	0	0	0	1	0	0	0:00:00	0:00:00	0:00:00
FAIRFAX CNTY PUB LIBR	AXH	VA	Public	1	1	0	0	0	0	1	0	0	0:00:00	0:00:00	0:00:00
FARMINGTON PUB LIBR	FAR	NM	Public	1	1	0	0	0	0	1	0	0	0:00:00	0:00:00	0:00:00
FERRIS STATE UNIV	EZF	MI	Academic	0	0	0	1	1	0	0	0	0	1:00:00	1:00:00	0:00:00
FINGER LAKES LIBR SYST	VYG	NY	Public	3	3	0	0	0	0	0	0	0	0:00:00	0:00:00	0:00:00
FIRST DIV MUS AT CANTIGNY	KAL	IL	Association/Foundation	1	1	0	0	0	0	0	0	0	0:00:00	0:00:00	0:00:00
FLAGLER COLL ST AUGUSTINE	FFC	FL	Academic	1	1	0	1	1	0	0	0	0	4:00:00	4:00:00	0:00:00
"FLAGSTAFF CITY, COCONINO CNTY LIBR"	AZH	AZ	Public	5	5	0	3	3	0	2	0	0	1:00:00	1:00:00	0:00:00
FLORIDA ATLANTIC UNIV	FGM	FL	Academic	1	1	0	1	1	0	0	0	0	0:00:00	0:00:00	0:00:00
FONTBONNE UNIV	MOF	MO	Academic	1	1	0	1	1	0	0	0	0	1:00:00	1:00:00	0:00:00
FORT BEND CNTY LIBRS	FTX	TX	Public	1	1	0	1	1	0	0	0	0	1:00:00	1:00:00	0:00:00
FORT LEWIS COL	CDF	CO	Academic	3	3	0	3	3	0	0	0	0	0:07:55	0:07:55	0:00:00
"FORT PECK COMMUN COL, TRIBAL LIBR"	YNQ	MT	"Junior, Community, Technical Colleges"	1	1	0	1	1	0	0	0	0	0:00:00	0:00:00	0:00:00
FORT VANCOUVER REG LIBR	YEP	WA	Public	23	23	0	7	7	0	16	0	0	5:03:22	5:03:22	0:00:00
FORT WORTH PUB LIBR	IFA	TX	Public	6	6	0	2	2	0	4	0	0	1:12:00	1:12:00	0:00:00
FRANKLIN PARK PUB LIBR DIST	JZD	IL	Public	1	1	0	1	1	0	0	0	0	0:00:00	0:00:00	0:00:00
"FREED HARDEMAN UNIV, LODEN-DANIEL LIBR"	UWT	TN	Academic	1	1	0	0	0	0	1	0	0	0:00:00	0:00:00	0:00:00
FREMONT PUB LIBR DIST	GL4	IL	Public	1	1	0	0	0	0	1	0	0	0:00:00	0:00:00	0:00:00
FRENCHTOWN SCH DIST	FNF	MT	Schools Below College Level	1	1	0	1	1	0	0	0	0	0:00:00	0:00:00	0:00:00
FULLERTON PUB LIBR	FUP	CA	Public	1	1	0	0	0	0	1	0	0	0:00:00	0:00:00	0:00:00
GAIL BORDEN PUB LIBR DIST	IF9	IL	Public	1	1	0	1	1	0	0	0	0	1:00:00	1:00:00	0:00:00
GARDEN CITY LIBR	ZRQ	ID	Public	1	1	0	1	1	0	0	0	0	3:00:00	3:00:00	0:00:00
GARFIELD CNTY LIBRS	GCQ	CO	Public	1	1	0	1	1	0	0	0	0	4:00:00	4:00:00	0:00:00
GATESVILLE PUB LIBR	G4Z	TX	Public	1	1	0	1	1	0	0	0	0	1:00:00	1:00:00	0:00:00
GENESEO PUB LIBR DIST	JYY	IL	Public	1	1	0	0	0	0	1	0	0	0:00:00	0:00:00	0:00:00
GEORGETOWN PUB LIBR	QS5	TX	Public	1	1	0	0	0	0	1	0	0	0:00:00	0:00:00	0:00:00
GLASGOW CITY-CNTY LIBR	YMW	MT	Public	1	1	0	0	0	0	1	0	0	0:00:00	0:00:00	0:00:00
GLENDALE LIBR ARTS & CULTURE	CGL	CA	Public	1	1	0	1	1	0	0	0	0	7:00:00	7:00:00	0:00:00
GLENDALE PUB LIBR	VTL	AZ	Public	6	6	0	2	2	0	4	0	0	1:12:00	1:12:00	0:00:00
GOODING PUB LIBR	Y#9	ID	Public	1	1	0	0	0	0	2	0	0	0:00:00	0:00:00	0:00:00
GORDON-CONWELL THEOL SEMINARY	BCT	MA	Theological	0	0	0	0	0	0	1	0	0	0:00:00	0:00:00	0:00:00
GOUCHER COL	GOC	MD	Academic	1	1	0	1	1	0	0	0	0	3:00:00	3:00:00	0:00:00
GRACE A DOW MEM LIBR	GDM	MI	Public	1	1	0	0	0	0	0	0	0	0:00:00	0:00:00	0:00:00
GRAYS HARBOR COL	Z#3	WA	"Junior, Community, Technical Colleges"	1	1	0	1	1	0	0	0	0	3:00:00	3:00:00	0:00:00
GREAT NECK LIBR	NBT	NY	Public	3	3	0	2	2	0	1	0	0	0:12:00	0:12:00	0:00:00
GREAT RIVER REG LIBR	GRR	MN	Public	1	1	0	0	0	0	1	0	0	0:00:00	0:00:00	0:00:00
GREENE CNTY PUB LIBR	GRC	OH	Public	1	1	0	0	0	0	1	0	0	0:00:00	0:00:00	0:00:00
GRINNELL COL	IOG	IA	Academic	1	1	0	1	1	0	0	0	0	0:00:00	0:00:00	0:00:00
GUYMON PUB LIBR	GPL	OK	Public	0	0	0	1	1	0	0	0	0	1:00:00	1:00:00	0:00:00
HANSEN COMMUN LIBR	HANCL	ID	Public	2	2	0	2	2	0	1	0	0	0:12:00	0:12:00	0:00:00
HARDIN-SIMMONS UNIV	TXS	TX	Academic	1	1	0	0	0	0	1	0	0	0:00:00	0:00:00	0:00:00
HARLINGEN PUB LIBR	TX7	TX	Public	1	1	0	0	0	0	0	0	0	0:00:00	0:00:00	0:00:00
HARLOWTON PUB LIBR	H8Q	MT	Public	1	1	0	0	0	0	1	0	0	0:00:00	0:00:00	0:00:00
HARRIS CNTY PUB LIBR	HT#	TX	Public	4	4	0	3	3	0	1	0	0	4:07:55	4:07:55	0:00:00
HASTINGS PUB LIBR	HAS	NE	Public	1	1	0	0	0	0	1	0	0	0:00:00	0:00:00	0:00:00
HAYNER PUB LIBR DIST	IK2	IL	Public	1	1	0	1	1	0	0	0	0	4:00:00	4:00:00	0:00:00
HENDERSON STATE UNIV	AKH	AR	Academic	2	2	0	1	1	0	1	0	0	1:00:00	1:00:00	0:00:00
HENRICO CNTY PUB LIBR	VHP	VA	Public	1	1	0	0	0	0	1	0	0	0:00:00	0:00:00	0:00:00
HERITAGE UNIV	H5I	WA	Academic	1	1	0	1	1	0	0	0	0	1:00:00	1:00:00	0:00:00
HIGH PLAINS LIBR DIST	SO$	CO	Public	4	4	0	2	2	0	2	0	0	2:00:00	2:00:00	0:00:00
HIGHLAND COM COLL LIBR	IJW	IL	"Junior, Community, Technical Colleges"	1	1	0	1	1	0	0	0	0	0:00:00	0:00:00	0:00:00
HIGHLINE COLL LIBR	UOI	WA	Academic	2	2	0	2	2	0	0	0	0	0:00:00	0:00:00	0:00:00
HINSDALE PUB LIBR	TL9	IL	Public	1	1	0	1	1	0	0	0	0	4:00:00	4:00:00	0:00:00
HOFSTRA UNIV	ZIH	NY	Academic	2	2	0	0	0	0	2	0	0	0:00:00	0:00:00	0:00:00
HOLLINS UNIV	VHC	VA	Academic	1	1	0	0	0	0	1	0	0	0:00:00	0:00:00	0:00:00
HOPE WELTY PUB LIBR DIST	IV9	IL	Public	1	1	0	0	0	0	1	0	0	0:00:00	0:00:00	0:00:00
HOUSTON BAPTIST UNIV LIBR	TWH	TX	Academic	2	2	0	1	1	0	1	0	0	1:00:00	1:00:00	0:00:00
HOUSTON PUB LIBR	TXN	TX	Public	6	6	0	2	2	0	3	0	0	2:00:00	2:00:00	0:00:00
HOWARD CNTY LIBR	HWARD	TX	Public	1	1	0	1	1	0	0	0	0	0:00:00	0:00:00	0:00:00
HUMBOLDT CNTY LIBR	EHU	CA	Public	3	3	1	1	1	0	2	0	0	4:00:00	4:00:00	0:00:00
HUNTSVILLE MADISON CNTY PUB LIBR	MWD	AL	Public	1	1	0	0	0	0	0	0	0	0:00:00	0:00:00	0:00:00
HUTCHINSON PUB LIBR	KAH	KS	Public	1	1	0	1	1	0	0	0	0	3:00:00	3:00:00	0:00:00
IDAHO FALLS PUB LIBR	I4F	ID	Public	18	18	0	1	1	0	16	0	0	3:00:00	3:00:00	0:00:00
IDAHO STATE UNIV LIBR	ONB	ID	Academic	3	3	0	3	3	0	0	0	0	1:16:05	1:16:05	0:00:00
ILLINOIS PRAIRIE DIST PUB LIBR	IEQ	IL	Public	1	1	0	1	1	0	0	0	0	3:00:00	3:00:00	0:00:00
ILLINOIS STATE LIBR	SPI	IL	State Library	1	1	0	1	1	0	0	0	0	0:00:00	0:00:00	0:00:00
IMAGINEIF LIBRS FLATHEAD CNTY	MZC	MT	Public	2	2	0	1	1	0	1	0	0	0:00:00	0:00:00	0:00:00
INDIAN TRAILS PUB LIBR DIST	JAG	IL	Public	1	1	0	0	0	0	1	0	0	0:00:00	0:00:00	0:00:00
INDIANA STATE LIBR	ISL	IN	State Library	1	1	0	0	0	0	1	0	0	0:00:00	0:00:00	0:00:00
INDIANA STATE UNIV LIBR	ISU	IN	Academic	1	1	0	0	0	0	1	0	0	0:00:00	0:00:00	0:00:00
"INTERNATIONAL MISSION BRD, SBC"	VRD	VA	Corporate	1	1	0	0	0	0	1	0	0	0:00:00	0:00:00	0:00:00
IRVING PUB LIBR SYST	IJC	TX	Public	2	2	0	2	2	0	0	0	0	2:00:00	2:00:00	0:00:00
JACKSON CNTY LIBR SVC	JCL	OR	Public	71	71	0	15	15	0	53	0	0	2:16:05	2:16:05	0:00:00
JACKSON/HINDS LIBR SYST	MJP	MS	Public	1	1	0	1	1	0	0	0	0	1:00:00	1:00:00	0:00:00
JEFFERSON CNTY LIBR	MJ8	MO	Public	1	1	0	1	1	0	0	0	0	1:00:00	1:00:00	0:00:00
JEFFERSON CNTY PUB LIBR	QQ3	CO	Public	2	2	0	1	1	0	1	0	0	0:00:00	0:00:00	0:00:00
JEFFERSON CNTY RURAL LIBR DIST	Z85	WA	Public	1	1	0	0	0	0	1	0	0	0:00:00	0:00:00	0:00:00
JEFFERSON COM COLL	VND	NY	Academic	1	1	0	0	0	0	1	0	0	0:00:00	0:00:00	0:00:00
JEFFERSON PARISH LIBR	LMJ	LA	Public	6	6	0	3	3	0	3	0	0	0:00:00	0:00:00	0:00:00
JEROME PUB LIBR	J@R	ID	Public	1	1	0	0	0	0	1	0	0	0:00:00	0:00:00	0:00:00
JOHN JAY COL OF CRIMINAL JUSTICE LIBR	VVJ	NY	Law Libraries	1	1	0	0	0	0	1	0	0	0:00:00	0:00:00	0:00:00
JOHNSON CNTY LIBR	KNJ	KS	Public	2	2	0	1	1	0	1	0	0	5:00:00	5:00:00	0:00:00
JOHNSON CNTY LIBR	W8J	WY	Public	3	3	0	0	0	0	3	0	0	0:00:00	0:00:00	0:00:00
JOINT BASE LEWIS-MCCHORD LIBRARY SYSTEM	AVW	WA	Federal/Natl Government	1	1	0	0	0	0	0	0	0	0:00:00	0:00:00	0:00:00
K.O. LEE ABERDEEN PUB LIBRARY.	AML	SD	Public	1	1	0	1	1	0	0	0	0	0:00:00	0:00:00	0:00:00
KALAMAZOO VAL COMMUN COL	R2A	MI	Academic	1	1	0	0	0	0	1	0	0	0:00:00	0:00:00	0:00:00
KANSAS CITY PUB LIBR	KCP	MO	Public	3	3	0	2	2	0	1	0	0	2:00:00	2:00:00	0:00:00
KEARNEY PUB LIBR	KPL	NE	Public	2	2	0	1	1	0	1	0	0	1:00:00	1:00:00	0:00:00
KENT STATE UNIV	KSU	OH	Academic	1	1	0	1	1	0	0	0	0	4:00:00	4:00:00	0:00:00
KITSAP REG LIBR	YEQ	WA	Public	32	32	0	27	27	0	9	0	0	2:07:12	2:07:12	0:00:00
KLAMATH CNTY LIBR SERV DIST	KCL	OR	Public	24	24	0	0	0	0	27	0	0	0:00:00	0:00:00	0:00:00
"KNOX CNTY PUB LIBR, KNOXVILLE"	TKL	TN	Public	2	2	0	0	0	0	2	0	0	0:00:00	0:00:00	0:00:00
KUNA LIBR DIST	K#U	ID	Public	2	2	0	2	2	0	0	0	0	1:00:00	1:00:00	0:00:00
LA VISTA PUB LIBR	YA3	NE	Public	1	1	0	0	0	0	1	0	0	0:00:00	0:00:00	0:00:00
LAKE CNTY PUB LIBR	ILC	IN	Public	1	1	0	1	1	0	0	0	0	1:00:00	1:00:00	0:00:00
LAKE WASHINGTON INST OF TECHNOL	L@W	WA	"Junior, Community, Technical Colleges"	1	1	0	0	0	0	1	0	0	0:00:00	0:00:00	0:00:00
LAKEWOOD PUB LIBR	LAP	OH	Public	2	2	0	0	0	0	2	0	0	0:00:00	0:00:00	0:00:00
LAMAR UNIV	TXR	TX	Academic	1	1	0	1	1	0	0	0	0	0:00:00	0:00:00	0:00:00
LANE COMMUN COL	OLE	OR	"Junior, Community, Technical Colleges"	8	8	0	7	7	0	1	0	0	0:13:41	0:13:41	0:00:00
LARAMIE CNTY COMMUN COL-CHEYENNE	L3R	WY	Academic	1	1	0	0	0	0	1	0	0	0:00:00	0:00:00	0:00:00
LARAMIE CNTY LIBR SYST	WYL	WY	Public	1	1	0	0	0	0	1	0	0	0:00:00	0:00:00	0:00:00
LAS VEGAS CLARK CNTY LIBR DIST	NVC	NV	Public	7	7	0	3	3	0	4	0	0	1:07:55	1:07:55	0:00:00
LATAH CNTY LIBR DIST	ZWR	ID	Public	34	34	2	4	4	0	27	0	0	0:00:00	0:00:00	0:00:00
LAWRENCE PUB LIBR	KSA	KS	Public	4	4	0	1	1	0	3	0	0	1:00:00	1:00:00	0:00:00
LEE CNTY LIBR SYST	FFL	FL	Public	2	2	0	1	1	0	1	0	0	1:00:00	1:00:00	0:00:00
LEMHI COUNTY LIBRARY DISTRICT	ZDL	ID	Public	1	1	0	0	0	0	1	0	0	0:00:00	0:00:00	0:00:00
LEWIS & CLARK COL	OLP	OR	Academic	3	3	0	3	1	2	0	0	0	0:00:00	0:00:00	0:00:00
LEWIS & CLARK LIBR	MZI	MT	Public	2	2	0	1	1	0	1	0	0	1:00:00	1:00:00	0:00:00
LEWIS UNIV LIBR	ICX	IL	Academic	1	1	0	0	0	0	1	0	0	0:00:00	0:00:00	0:00:00
LEWIS-CLARK STATE COL	WK0	ID	Academic	3	3	0	0	0	0	3	0	0	0:00:00	0:00:00	0:00:00
LEWISTON CITY LIBR	IDLEW	ID	Public	1	1	0	1	1	0	0	0	0	0:00:00	0:00:00	0:00:00
LIBR OF THE MARINE CORPS - BRECKENRIDGE	QMC	VA	Federal/Natl Government	1	1	0	0	0	0	1	0	0	0:00:00	0:00:00	0:00:00
LIBRARIES IN CLACKAMAS CNTY	LIQ	OR	Public	76	76	1	57	57	0	18	0	0	2:23:02	2:23:02	0:00:00
"LIBRARY OF VIRGINIA, THE"	VIC	VA	State Library	1	1	0	0	0	0	1	0	0	0:00:00	0:00:00	0:00:00
LILLIE M EVANS LIBR DIST	ISQ	IL	Public	1	1	0	1	1	0	0	0	0	3:00:00	3:00:00	0:00:00
LIMA PUB LIBR	LIM	OH	Public	1	1	0	0	0	0	1	0	0	0:00:00	0:00:00	0:00:00
LINCOLN CNTY LIBR DIST	LCS	OR	Public	19	19	0	12	12	0	8	0	0	0:10:05	0:10:05	0:00:00
LINCOLN LIBR	ILM	IL	Public	1	1	0	0	0	0	1	0	0	0:00:00	0:00:00	0:00:00
LINFIELD UNIV MCMINNVILLE CAM LIBR	OLC	OR	Academic	11	11	0	9	9	0	2	0	0	0:00:00	0:00:00	0:00:00
LITTLE ELM PUB LIBR	LEPLL	TX	Public	1	1	0	0	0	0	1	0	0	0:00:00	0:00:00	0:00:00
LIVE OAK PUB LIBRS	GSC	GA	Public	1	1	0	0	0	0	0	0	0	0:00:00	0:00:00	0:00:00
LIVINGSTON PARK CNTY PUB LIBR	LVQ	MT	Public	2	2	0	2	2	0	0	0	0	1:00:00	1:00:00	0:00:00
LOGAN LIBR	UUD	UT	Public	3	3	0	2	2	0	1	0	0	2:00:00	2:00:00	0:00:00
LOGAN UNIV	MU9	MO	Medical	1	1	0	1	1	0	0	0	0	0:00:00	0:00:00	0:00:00
LONE STAR COLLEGE SYSTEM	NHA	TX	Academic	1	1	0	1	1	0	0	0	0	7:00:00	7:00:00	0:00:00
LONGVIEW PUB LIBR	FT6	TX	Public	3	3	0	2	2	0	1	0	0	1:00:00	1:00:00	0:00:00
LOS ALAMOS CNTY LIBR SYST	LAN	NM	Public	2	2	0	1	1	0	1	0	0	2:00:00	2:00:00	0:00:00
LOUISVILLE FREE PUB LIBR	KLP	KY	Public	2	2	0	1	1	0	1	0	0	0:00:00	0:00:00	0:00:00
LOYOLA UNIV OF CHICAGO	IAL	IL	Academic	1	1	0	1	1	0	0	0	0	3:00:00	3:00:00	0:00:00
LUBBOCK PUB LIBR	TXL	TX	Public	8	8	0	5	5	0	4	0	0	1:14:24	1:14:24	0:00:00
MADISON LIBR DIST	Q5K	ID	Public	1	1	0	0	0	0	1	0	0	0:00:00	0:00:00	0:00:00
MADISON VAL PUB LIBR	YZY	MT	Public	1	1	0	0	0	0	1	0	0	0:00:00	0:00:00	0:00:00
MARICOPA CNTY LIBR DIST	MCT	AZ	Public	1	1	0	0	0	0	1	0	0	0:00:00	0:00:00	0:00:00
MARICOPA COMMUN COL DIST	PMD	AZ	Academic	5	5	0	2	2	0	3	0	0	1:12:00	1:12:00	0:00:00
MARION CARNEGIE LIBR	UW3	IL	Public	1	1	0	1	1	0	0	0	0	3:00:00	3:00:00	0:00:00
MARIPOSA CNTY LIBR	MCX	CA	Public	1	1	0	0	0	0	1	0	0	0:00:00	0:00:00	0:00:00
MARSHALL PUB LIBR	Q6J	ID	Public	20	20	0	10	10	0	10	0	0	1:14:24	1:14:24	0:00:00
MARYLAND INST COL OF ART	MYA	MD	Academic	1	1	0	1	1	0	0	0	0	1:00:00	1:00:00	0:00:00
MASSANUTTEN REG LIBR	PFN	VA	Public	1	1	0	0	0	0	1	0	0	0:00:00	0:00:00	0:00:00
MCALLEN PUB LIBR	TME	TX	Public	4	4	1	0	0	0	3	0	0	0:00:00	0:00:00	0:00:00
MCKINNEY PUB LIBR	M$K	TX	Public	4	4	0	0	0	0	4	0	0	0:00:00	0:00:00	0:00:00
MEMPHIS PUB LIBR & INFO CTR	TMN	TN	Public	1	1	0	0	0	0	1	0	0	0:00:00	0:00:00	0:00:00
MERCED COLL LIBR	UOO	CA	Academic	1	1	0	1	1	0	0	0	0	0:00:00	0:00:00	0:00:00
MERCER CNTY COMMUN COL	MRR	NJ	"Junior, Community, Technical Colleges"	1	1	0	1	1	0	0	0	0	1:00:00	1:00:00	0:00:00
MERCER CNTY PUB LIBR	KK5	KY	Public	2	2	0	0	0	0	2	0	0	0:00:00	0:00:00	0:00:00
MERIDIAN LIBR DIST	ZPJ	ID	Public	4	4	0	2	2	0	2	0	0	2:00:00	2:00:00	0:00:00
MESA PUB LIBR	MSA	AZ	Public	1	1	0	0	0	0	1	0	0	0:00:00	0:00:00	0:00:00
METROPOLITAN LIBR SYST	OKE	OK	Public	4	4	0	3	3	0	2	0	0	3:00:00	3:00:00	0:00:00
METROPOLITAN MUS OF ART	MZA	NY	Corporate	1	1	0	0	0	0	1	0	0	0:00:00	0:00:00	0:00:00
"MIAMI UNIV, HAMILTON CAM"	OHM	OH	Academic	1	1	0	0	0	0	1	0	0	0:00:00	0:00:00	0:00:00
MID-CONTINENT PUB LIBR	CMI	MO	Public	2	2	0	2	2	0	0	0	0	5:12:00	5:12:00	0:00:00
MID-HUDSON LIBR SYST	VFO	NY	Public	1	1	0	1	1	0	0	0	0	0:00:00	0:00:00	0:00:00
MIDDLE TENNESSEE STATE UNIV	TXM	TN	Academic	1	1	0	0	0	0	1	0	0	0:00:00	0:00:00	0:00:00
MIDLAND CNTY PUB LIBR	MCY	TX	Public	1	1	0	1	1	0	0	0	0	1:00:00	1:00:00	0:00:00
"MIDWESTERN STATE UNIV, G MOFFETT LIBR"	TMI	TX	Academic	4	4	0	3	3	0	1	0	0	0:00:00	0:00:00	0:00:00
MILES CITY PUB LIBR	YNZ	MT	Public	1	1	0	0	0	0	1	0	0	0:00:00	0:00:00	0:00:00
MILWAUKEE SCH OF ENGIN LIBR	WLD	WI	Academic	1	1	0	1	1	0	0	0	0	0:00:00	0:00:00	0:00:00
MINERAL CNTY PUB LIBR SUPERIOR	Y65	MT	Public	2	2	0	0	0	0	2	0	0	0:00:00	0:00:00	0:00:00
MISHAWAKA PENN HARRIS PUB LIBR	IMP	IN	Public	1	1	0	0	0	0	1	0	0	0:00:00	0:00:00	0:00:00
MISSIO SEMINARY	PB4	PA	Theological	1	1	1	0	0	0	1	0	0	0:00:00	0:00:00	0:00:00
MISSION VIEJO LIBR	MMK	CA	Public	1	1	0	0	0	0	1	0	0	0:00:00	0:00:00	0:00:00
MISSISSIPPI CNTY LIBR	MX9	MO	Public	1	1	0	0	0	0	1	0	0	0:00:00	0:00:00	0:00:00
MISSOULA PUB LIBR	Y38	MT	Public	2	2	0	2	2	0	0	0	0	0:00:00	0:00:00	0:00:00
MISSOURI RIVER REG LIBR	MUJ	MO	Public	2	2	0	0	0	0	2	0	0	0:00:00	0:00:00	0:00:00
MISSOURI STATE UNIV	MOU	MO	Academic	1	1	0	0	0	0	1	0	0	0:00:00	0:00:00	0:00:00
MOBILE PUB LIBR	AMP	AL	Public	1	1	0	1	1	0	1	0	0	3:00:00	3:00:00	0:00:00
MOHAVE CNTY LIBR KINGMAN	MC2	AZ	Public	3	3	0	0	0	0	4	0	0	0:00:00	0:00:00	0:00:00
MONROE CNTY PUB LIBR	IMR	IN	Public	2	2	0	2	2	0	0	0	0	0:12:00	0:12:00	0:00:00
MONTANA BIBLE COL	MTBCL	MT	Academic	2	2	0	1	1	0	1	0	0	0:00:00	0:00:00	0:00:00
MONTANA STATE UNIV BILLINGS LIBR	EM2	MT	Academic	1	1	0	1	1	0	0	0	0	1:00:00	1:00:00	0:00:00
"MONTANA STATE UNIV, MSU LIBR"	MZF	MT	Academic	3	3	0	2	2	0	0	0	0	1:00:00	1:00:00	0:00:00
MONTEREY CNTY FREE LIBRS	JRB	CA	Public	3	3	0	2	2	0	2	0	0	2:12:00	2:12:00	0:00:00
MONTGOMERY CNTY MEM LIBR SYST	QS2	TX	Public	1	1	0	1	1	0	0	0	0	2:00:00	2:00:00	0:00:00
MONTGOMERY COL LIBR	MRB	MD	Academic	1	1	0	0	0	0	1	0	0	0:00:00	0:00:00	0:00:00
MONTROSE REGIONAL LIBR DIST	RS$	CO	Public	2	2	0	1	1	0	1	0	0	2:00:00	2:00:00	0:00:00
MOODY BIBLE INST LIBR	JBT	IL	Theological	3	3	0	3	3	0	0	0	0	1:00:00	1:00:00	0:00:00
MOORE MEM PUB LIBR	YU6	TX	Public	2	2	0	0	0	0	1	0	0	0:00:00	0:00:00	0:00:00
MORNINGSIDE UNIV	IOM	IA	Academic	1	1	0	0	0	0	1	0	0	0:00:00	0:00:00	0:00:00
MORTON PUB LIBR DIST	IST	IL	Public	1	1	0	1	1	0	0	0	0	4:00:00	4:00:00	0:00:00
MOUNT ANGEL ABBEY LIBR	MAA	OR	Association/Foundation	11	11	0	8	8	0	3	0	0	1:00:00	1:00:00	0:00:00
MOUNT PROSPECT PUB LIBR	GO3	IL	Public	3	3	0	0	0	0	3	0	0	0:00:00	0:00:00	0:00:00
MOUNT SAINT MARYS UNIV LOS ANGELES	CMM	CA	Academic	2	2	0	1	0	1	1	0	0	0:00:00	0:00:00	0:00:00
MT HOOD COM COLL LIBR	MHD	OR	Academic	10	10	0	9	9	0	1	0	0	0:07:55	0:07:55	0:00:00
MULTNOMAH CNTY LIBR	ORX	OR	Public	33	33	1	0	0	0	32	0	0	0:00:00	0:00:00	0:00:00
MULTNOMAH UNIV	MLH	OR	Academic	12	12	0	9	9	0	3	0	0	0:13:26	0:13:26	0:00:00
MUNCIE PUB LIBR	IMU	IN	Public	1	1	0	0	0	0	1	0	0	0:00:00	0:00:00	0:00:00
MUNICIPAL LIBR CONSORTIUM ST LOUIS CNTY	ZAG	MO	Public	1	1	0	1	1	0	0	0	0	2:00:00	2:00:00	0:00:00
NAMPA PUB LIBR	ZPP	ID	Public	3	3	0	0	0	0	3	0	0	0:00:00	0:00:00	0:00:00
NAPA CNTY LIBR	JRI	CA	Public	2	2	1	0	0	0	1	0	0	0:00:00	0:00:00	0:00:00
NASHVILLE PUB LIBR	TNN	TN	Public	2	2	0	1	1	0	1	0	0	1:00:00	1:00:00	0:00:00
NASHVILLE STATE TECH COMMUN COL	TNT	TN	Academic	1	1	0	0	0	0	1	0	0	0:00:00	0:00:00	0:00:00
NATIONAL GALLERY OF ART LIBR	NGA	DC	Federal/Natl Government	1	1	0	1	1	0	0	0	0	1:00:00	1:00:00	0:00:00
NATIONAL SCIENCE FOUND	NSF	VA	Federal/Natl Government	1	1	0	0	0	0	1	0	0	0:00:00	0:00:00	0:00:00
NATIONAL UNIV OF NATURAL MED	OXJ	OR	Academic	1	1	0	0	0	0	1	0	0	0:00:00	0:00:00	0:00:00
NATRONA CNTY PUB LIBR	CWF	WY	Public	2	2	0	0	0	0	2	0	0	0:00:00	0:00:00	0:00:00
NAVAJO CNTY LIBR DIST	N8V	AZ	Public	4	4	0	0	0	0	4	0	0	0:00:00	0:00:00	0:00:00
NAVAL POSTGRADUATE SCH	AD#	CA	Academic	1	1	0	0	0	0	1	0	0	0:00:00	0:00:00	0:00:00
NAVAL WAR COLL LIBR	WNC	RI	Federal/Natl Government	1	1	0	2	1	1	0	0	0	0:12:00	1:00:00	0:00:00
NEILL PUB LIBR	XRR	WA	Public	1	1	0	1	1	0	0	0	0	2:00:00	2:00:00	0:00:00
NEVADA CNTY LIBR	NEV	CA	Public	2	2	0	0	0	0	3	0	0	0:00:00	0:00:00	0:00:00
NEW BRAUNFELS PUB LIBR	D9M	TX	Public	3	3	0	0	0	0	3	0	0	0:00:00	0:00:00	0:00:00
NEW ORLEANS PUB LIBR	LNC	LA	Public	1	1	0	1	1	0	0	0	0	1:00:00	1:00:00	0:00:00
NEW SCH THE	ZMU	NY	Academic	0	0	0	1	1	0	0	0	0	7:00:00	7:00:00	0:00:00
NEW YORK SOC LIBR	ZNS	NY	Association/Foundation	0	0	0	1	1	0	0	0	0	1:00:00	1:00:00	0:00:00
NEWPORT BEACH PUB LIBR	CNB	CA	Public	1	1	0	1	1	0	0	0	0	1:00:00	1:00:00	0:00:00
NEWPORT PUB LIBR	OXA	OR	Public	13	13	1	4	4	0	10	0	0	2:12:00	2:12:00	0:00:00
NICEVILLE LIBR	FD8	FL	Public	1	1	0	0	0	0	1	0	0	0:00:00	0:00:00	0:00:00
NICHOLSON MEM LIBR	NM$	TX	Public	3	3	0	1	1	0	2	0	0	3:00:00	3:00:00	0:00:00
NIOGA LIBR SYST	ZNM	NY	Public	1	1	0	0	0	0	1	0	0	0:00:00	0:00:00	0:00:00
NORFOLK PUB LIBR	TWE	VA	Public	1	1	0	1	1	0	0	0	0	2:00:00	2:00:00	0:00:00
NORMANDALE COM COLL LIBR	NOR	MN	"Junior, Community, Technical Colleges"	2	2	0	1	1	0	1	0	0	0:00:00	0:00:00	0:00:00
NORTH BINGHAM CNTY DIST LIBR	Y#2	ID	Public	2	2	0	0	0	0	2	0	0	0:00:00	0:00:00	0:00:00
NORTH CENTRAL WASHINGTON LIBRARIES	OEI	WA	Public	2	2	0	2	2	0	1	0	0	1:00:00	1:00:00	0:00:00
NORTH DAKOTA STATE LIBR	NDS	ND	State Library	1	1	0	0	0	0	1	0	0	0:00:00	0:00:00	0:00:00
NORTH DAKOTA STATE UNIV LIBR	NWQ	ND	Academic	2	2	0	0	0	0	1	0	0	0:00:00	0:00:00	0:00:00
NORTH IDAHO COLL	XFH	ID	Academic	6	6	0	6	6	0	0	0	0	0:00:00	0:00:00	0:00:00
NORTH LAKE CNTY PUB LIBR DIST	Y59	MT	Public	1	1	0	0	0	0	0	0	0	0:00:00	0:00:00	0:00:00
NORTH OLYMPIC LIBR SYST	NOQ	WA	Public	4	4	0	1	1	0	3	0	0	2:00:00	2:00:00	0:00:00
NORTH PARK UNIV LIBR	ICZ	IL	Theological	1	1	0	1	1	0	0	0	0	2:00:00	2:00:00	0:00:00
NORTH SUBURBAN PUB LIBR DIST ROSCOE BR	I#X	IL	Public	1	1	0	0	0	0	1	0	0	0:00:00	0:00:00	0:00:00
NORTHBROOK PUB LIBR	INO	IL	Public	2	2	0	1	1	0	1	0	0	1:00:00	1:00:00	0:00:00
NORTHERN ARIZONA UNIV	AZN	AZ	Academic	1	1	0	0	0	0	1	0	0	0:00:00	0:00:00	0:00:00
NORTHERN ILLINOIS UNIV	JNA	IL	Academic	4	4	0	1	1	0	2	0	0	1:00:00	1:00:00	0:00:00
NORTHWEST CHRISTIAN UNIV	NWE	OR	Academic	1	1	0	0	0	0	1	0	0	0:00:00	0:00:00	0:00:00
NORTHWEST UNIV	HNW	WA	Academic	4	4	0	3	3	0	1	0	0	0:00:00	0:00:00	0:00:00
OAKLAND PUB LIBR	JRK	CA	Public	1	1	0	0	0	0	1	0	0	0:00:00	0:00:00	0:00:00
OC PUBLIC LIBRARIES	ORK	CA	Public	3	3	0	1	1	0	2	0	0	1:00:00	1:00:00	0:00:00
OHIO HIST CONNECTION	OHT	OH	Corporate	1	1	0	1	1	0	0	0	0	1:00:00	1:00:00	0:00:00
OKLAHOMA DEPT OF LIBR	OKD	OK	State Library	1	1	0	1	1	0	0	0	0	1:00:00	1:00:00	0:00:00
OKLAHOMA STATE UNIV	OKS	OK	Major Academic Research	2	2	0	1	1	0	1	0	0	0:00:00	0:00:00	0:00:00
OKLAHOMA STATE UNIV OKLAHOMA CITY LIBR	OUJ	OK	Academic	1	1	0	1	1	0	0	0	0	0:00:00	0:00:00	0:00:00
OLATHE PUB LIBR	KOP	KS	Public	1	1	0	0	0	0	1	0	0	0:00:00	0:00:00	0:00:00
OLD DOMINION UNIV	VOD	VA	Academic	1	1	0	1	1	0	0	0	0	2:00:00	2:00:00	0:00:00
OLYMPIC COL	Z84	WA	"Junior, Community, Technical Colleges"	2	2	0	1	1	0	1	0	0	1:00:00	1:00:00	0:00:00
ONONDAGA CNTY PUB LIBR	YVO	NY	Public	4	4	0	2	2	0	2	0	0	2:12:00	2:12:00	0:00:00
ONONDAGA COMMUN COL	VOC	NY	Academic	1	1	0	1	1	0	0	0	0	0:00:00	0:00:00	0:00:00
ONTARIO CITY LIBR	ONT	CA	Public	1	1	0	0	0	0	1	0	0	0:00:00	0:00:00	0:00:00
ORCAS ISLAND LIBR DIST	Z66	WA	Public	7	7	0	3	3	0	4	0	0	2:00:00	2:00:00	0:00:00
OREGON COLL OF ORIENTAL MED	OCORM	OR	Academic	2	2	0	1	1	0	1	0	0	0:00:00	0:00:00	0:00:00
OREGON INST OF TECHNOL LIBR	OIT	OR	Academic	4	4	0	1	1	0	3	0	0	0:00:00	0:00:00	0:00:00
OSTERHOUT FREE LIBR	OST	PA	Public	1	1	0	1	1	0	0	0	0	2:00:00	2:00:00	0:00:00
OTTAWA PUB LIBR	OTP	ON	Public	1	1	0	1	1	0	0	0	0	8:00:00	8:00:00	0:00:00
OTTERBEIN UNIV	OTC	OH	Academic	1	1	0	0	0	0	1	0	0	0:00:00	0:00:00	0:00:00
OUR LADY OF THE LAKE UNIV LIBR	SAT	TX	Academic	1	1	0	0	0	0	0	0	0	0:00:00	0:00:00	0:00:00
OXNARD PUB LIBR	JRN	CA	Public	1	1	0	1	1	0	1	0	0	3:00:00	3:00:00	0:00:00
PACIFIC LUTHERAN UNIV	OPV	WA	Academic	12	12	0	12	12	0	0	0	0	0:00:00	0:00:00	0:00:00
PACIFIC UNION COL LIBR	CPU	CA	Academic	1	1	0	0	0	0	1	0	0	0:00:00	0:00:00	0:00:00
PACIFIC UNIV	OPU	OR	Academic	4	4	0	0	0	0	4	0	0	0:00:00	0:00:00	0:00:00
PAGE PUB LIBR	FX6	AZ	Public	2	2	0	0	0	0	2	0	0	0:00:00	0:00:00	0:00:00
PALESTINE PUB LIBR	PALES	TX	Public	1	1	0	1	1	0	0	0	0	0:00:00	0:00:00	0:00:00
PANOLA COLL LIBR	TZP	TX	Academic	1	1	0	0	0	0	1	0	0	0:00:00	0:00:00	0:00:00
PASADENA PUB LIBR	CPP	CA	Public	2	2	0	0	0	0	2	0	0	0:00:00	0:00:00	0:00:00
PATRICK HEATH PUB LIBR	T2S	TX	Public	0	0	0	1	1	0	0	0	0	1:00:00	1:00:00	0:00:00
PAYETTE PUB LIBR	P5Y	ID	Public	1	1	0	0	0	0	1	0	0	0:00:00	0:00:00	0:00:00
PENNSYLVANIA COLLEGE OF TECHNOLOGY	WSB	PA	Academic	1	1	0	0	0	0	0	0	0	0:00:00	0:00:00	0:00:00
PEORIA PUB LIBR	IUK	IL	Public	1	1	1	0	0	0	0	0	0	0:00:00	0:00:00	0:00:00
PERU STATE COL LIBR	NBP	NE	Academic	1	1	0	1	1	0	0	0	0	1:00:00	1:00:00	0:00:00
PHILLIPS CNTY LIBR	YXS	MT	Public	1	1	0	0	0	0	1	0	0	0:00:00	0:00:00	0:00:00
PHOENIX PUB LIBR	PNX	AZ	Public	12	12	0	6	6	0	4	0	0	4:12:00	4:12:00	0:00:00
PIERCE CNTY LIBR SYST	RLS	WA	Public	15	15	0	8	8	0	7	0	0	1:09:07	1:09:07	0:00:00
PIERCE COL LIBR	Z88	WA	"Junior, Community, Technical Colleges"	1	1	0	0	0	0	1	0	0	0:00:00	0:00:00	0:00:00
PIKES PEAK LIBR DIST	CQU	CO	Public	2	2	0	1	1	0	1	0	0	4:00:00	4:00:00	0:00:00
PIMA CNTY COM COLL DIST LIBR TECH SERVS	GC0	AZ	"Junior, Community, Technical Colleges"	2	2	0	0	0	0	2	0	0	0:00:00	0:00:00	0:00:00
PIONEER LIBR SYST	OKM	OK	Public	1	1	0	0	0	0	1	0	0	0:00:00	0:00:00	0:00:00
PITKIN CNTY LIBR	HFU	CO	Public	1	1	0	0	0	0	1	0	0	0:00:00	0:00:00	0:00:00
PITTSBURG STATE UNIV	KFP	KS	Academic	2	2	0	1	1	0	1	0	0	2:00:00	2:00:00	0:00:00
PLANO PUB LIBR SYST	PLS	TX	Public	2	2	0	1	1	0	1	0	0	4:00:00	4:00:00	0:00:00
PLATTE CNTY PUB LIBR	W9C	WY	Public	1	1	0	1	1	0	0	0	0	2:00:00	2:00:00	0:00:00
POINT LOMA NAZARENE UNIV LIBR	CPT	CA	Academic	1	1	0	1	1	0	0	0	0	0:00:00	0:00:00	0:00:00
PORTLAND COMMUN COL LIBR	OQP	OR	"Junior, Community, Technical Colleges"	12	12	0	12	12	0	0	0	0	1:18:00	1:18:00	0:00:00
PORTLAND PUB LIBR	PPN	ME	Public	1	1	0	1	1	0	0	0	0	1:00:00	1:00:00	0:00:00
PORTLAND STATE UNIV LIBR	ORZ	OR	Academic	31	31	0	26	26	0	3	0	0	0:23:02	0:23:02	0:00:00
PRATT INST LIBRS	VZQ	NY	Academic	1	1	0	1	1	0	0	0	0	0:00:00	0:00:00	0:00:00
PRESCOTT COL LIBR	A3E	AZ	Academic	1	1	0	0	0	0	1	0	0	0:00:00	0:00:00	0:00:00
PRESCOTT PUB LIBR	ZPT	AZ	Public	3	3	0	1	1	0	2	0	0	5:00:00	5:00:00	0:00:00
PRITZKER MILITARY LIBR	ILPML	IL	Association/Foundation	3	3	0	2	2	0	1	0	0	0:00:00	0:00:00	0:00:00
PROSPECT HEIGHTS PUB LIBR DIST	JAO	IL	Public	1	1	0	1	1	0	0	0	0	0:00:00	0:00:00	0:00:00
PROVO CITY PUB LIBR	UPZ	UT	Public	9	9	0	6	6	0	3	0	0	1:16:05	1:16:05	0:00:00
PURDUE UNIV FT WAYNE	HV6	IN	Academic	2	2	0	0	0	0	2	0	0	0:00:00	0:00:00	0:00:00
QUEENS BOROUGH PUB LIBR	ZQP	NY	Public	6	6	0	0	0	0	6	0	0	0:00:00	0:00:00	0:00:00
RAPID CITY PUB LIBRS	RCP	SD	Public	1	1	0	0	0	0	1	0	0	0:00:00	0:00:00	0:00:00
REED COL LIBR	ORC	OR	Academic	19	19	0	17	17	0	2	0	0	0:04:19	0:04:19	0:00:00
REGENT UNIV	VCB	VA	Academic	1	1	0	0	0	0	1	0	0	0:00:00	0:00:00	0:00:00
RENSSELAER POLYTECHNIC INST	YRM	NY	Academic	1	1	0	1	1	0	0	0	0	0:00:00	0:00:00	0:00:00
RENTON TECH COL	Z27	WA	"Junior, Community, Technical Colleges"	3	3	0	2	2	0	1	0	0	2:00:00	2:00:00	0:00:00
RHODE ISLAND SCH OF DESIGN LIBR	RSD	RI	Academic	1	1	0	1	1	0	0	0	0	1:00:00	1:00:00	0:00:00
RICHARDSON PUB LIBR	YT2	TX	Public	1	1	0	0	0	0	1	0	0	0:00:00	0:00:00	0:00:00
RIGBY CITY LIBR	ZBQ	ID	Public	5	5	0	5	5	0	0	0	0	1:00:00	1:00:00	0:00:00
RIPON COL LIBR	WIP	WI	Academic	1	1	0	1	1	0	0	0	0	0:00:00	0:00:00	0:00:00
RIVERTON VILLAGE LIBR	R@V	IL	Public	1	1	0	0	0	0	1	0	0	0:00:00	0:00:00	0:00:00
ROCHESTER PUB LIBR	ROC	MN	Public	3	3	0	0	0	0	3	0	0	0:00:00	0:00:00	0:00:00
ROCK SPRINGS LIBR	W7R	WY	Public	4	4	0	4	4	0	0	0	0	0:00:00	0:00:00	0:00:00
ROCKFORD UNIV	IBR	IL	Academic	1	1	0	0	0	0	1	0	0	0:00:00	0:00:00	0:00:00
ROGUE COMMUN COL LIBR	ORR	OR	"Junior, Community, Technical Colleges"	2	2	0	0	0	0	2	0	0	0:00:00	0:00:00	0:00:00
ROSEBUD CNTY LIBR	YPQ	MT	Public	2	2	0	1	1	0	2	0	0	1:00:00	1:00:00	0:00:00
ROUND ROCK PUB LIBR	QT4	TX	Public	3	3	0	1	1	0	2	0	0	0:00:00	0:00:00	0:00:00
ROWAN PUB LIBR	NZY	NC	Public	1	1	0	0	0	0	1	0	0	0:00:00	0:00:00	0:00:00
RUSK CNTY LIBR	YT3	TX	Public	1	1	0	1	1	0	0	0	0	1:00:00	1:00:00	0:00:00
SAINT CHARLES PUB LIBR DIST	PX0	IL	Public	1	1	0	0	0	0	1	0	0	0:00:00	0:00:00	0:00:00
SAINT IGNATIUS SCH & COMMUN LIBR	I8G	MT	Schools Below College Level	1	1	0	0	0	0	1	0	0	0:00:00	0:00:00	0:00:00
"SAINT JOHNS SEMINARY, THEOL LIBR"	SJT	CA	Academic	1	1	0	0	0	0	1	0	0	0:00:00	0:00:00	0:00:00
SAINT LOUIS CNTY LIBR	ZAE	MO	Public	2	2	0	2	2	0	0	0	0	1:00:00	1:00:00	0:00:00
SAINT LOUIS PUB LIBR	SVP	MO	Public	2	2	0	1	1	0	1	0	0	2:00:00	2:00:00	0:00:00
"SAINT LOUIS UNIV, PIUS XII LIBR"	XII	MO	Academic	1	1	0	1	1	0	0	0	0	1:00:00	1:00:00	0:00:00
SAINT MARTIN'S UNIV	WSL	WA	Academic	8	8	0	6	6	0	2	0	0	0:16:05	0:16:05	0:00:00
SAINT NORBERT COL LIBR	WCD	WI	Academic	1	1	0	1	1	0	0	0	0	1:00:00	1:00:00	0:00:00
SALINE CNTY LIBR	RL9	AR	Public	1	1	0	0	0	0	1	0	0	0:00:00	0:00:00	0:00:00
SALISH KOOTENAI COL LIBR	Y54	MT	Academic	1	1	0	1	1	0	0	0	0	0:00:00	0:00:00	0:00:00
SALT LAKE CITY PUB LIBR	UUP	UT	Public	9	9	0	3	3	0	6	0	0	1:00:00	1:00:00	0:00:00
SALT LAKE CNTY LIBR SVC	UUC	UT	Public	1	1	0	1	1	0	0	0	0	3:00:00	3:00:00	0:00:00
SAM HOUSTON STATE UNIV	SHH	TX	Academic	8	8	0	5	5	0	3	0	0	1:04:48	1:04:48	0:00:00
SAN ANTONIO PUB LIBR	SAP	TX	Public	1	1	0	1	1	0	0	0	0	2:00:00	2:00:00	0:00:00
SAN BERNARDINO CNTY LIBR	CBL	CA	Public	4	4	0	0	0	0	4	0	0	0:00:00	0:00:00	0:00:00
SAN DIEGO CNTY LIBR	SDG	CA	Public	1	1	0	1	1	0	0	0	0	1:00:00	1:00:00	0:00:00
SAN DIEGO PUB LIBR	JTB	CA	Public	1	1	0	0	0	0	1	0	0	0:00:00	0:00:00	0:00:00
SAN DIEGO ZOO	ZOS	CA	Corporate	1	1	0	0	0	0	1	0	0	0:00:00	0:00:00	0:00:00
SAN FRANCISCO MARITIME NAT HISTL PARK	UDU	CA	Federal/Natl Government	1	1	0	1	1	0	0	0	0	3:00:00	3:00:00	0:00:00
SAN FRANCISCO PUB LIBR	SFR	CA	Public	12	12	0	7	7	0	4	0	0	1:20:38	1:20:38	0:00:00
"SAN JACINTO COL, LEE DAVIS LIBR"	SJY	TX	"Junior, Community, Technical Colleges"	2	2	0	0	0	0	2	0	0	0:00:00	0:00:00	0:00:00
SAN JOSE STATE UNIV	CSJ	CA	Academic	2	2	0	2	2	0	0	0	0	0:12:00	0:12:00	0:00:00
SAN JUAN COL LIBR	S2J	NM	Academic	1	1	0	1	1	0	0	0	0	0:00:00	0:00:00	0:00:00
SANTA ANA PUB LIBR	JRT	CA	Public	1	1	0	0	0	0	1	0	0	0:00:00	0:00:00	0:00:00
SANTA CLARA CNTY LIBR DIST	JRY	CA	Public	1	1	0	0	0	0	0	0	0	0:00:00	0:00:00	0:00:00
SANTA CRUZ PUB LIBRS	JTA	CA	Public	1	1	0	0	0	0	1	0	0	0:00:00	0:00:00	0:00:00
SANTA FE PUB LIBR	SFP	NM	Public	3	3	0	1	1	0	2	0	0	1:00:00	1:00:00	0:00:00
SANTA FE SPRINGS LIBR	SFS	CA	Public	1	1	0	0	0	0	1	0	0	0:00:00	0:00:00	0:00:00
SCENIC REGN LIBR	MZ7	MO	Public	6	6	1	3	3	0	2	0	0	3:00:00	3:00:00	0:00:00
SCHAUMBURG TOWNSHIP DIST LIBR	GO9	IL	Public	2	2	0	2	2	0	1	0	0	1:00:00	1:00:00	0:00:00
SCHOOL OF THE ART INST OF CHICAGO LIBR	ILO	IL	Academic	1	1	0	0	0	0	1	0	0	0:00:00	0:00:00	0:00:00
SCHOOL OF VISUAL ARTS LIBR	ZVT	NY	Academic	1	1	0	1	1	0	0	0	0	3:00:00	3:00:00	0:00:00
SCOTTSDALE PUB LIBR	AZD	AZ	Public	2	2	0	0	0	0	2	0	0	0:00:00	0:00:00	0:00:00
SCRANTON PUB LIBR	SCR	PA	Public	1	1	0	0	0	0	1	0	0	0:00:00	0:00:00	0:00:00
SEASIDE PUB LIBR	XV9	OR	Public	16	16	0	14	14	0	2	0	0	0:06:58	0:06:58	0:00:00
SEATTLE PACIFIC UNIV LIBR	OXF	WA	Academic	14	14	0	9	9	0	5	0	0	1:13:26	1:13:26	0:00:00
SEATTLE PUB LIBR	UOK	WA	Public	71	71	1	46	46	0	25	0	0	1:12:58	1:12:58	0:00:00
SEATTLE UNIV	WSE	WA	Academic	6	6	0	5	5	0	1	0	0	0:00:00	0:00:00	0:00:00
SEDONA PUB LIBR	FY3	AZ	Public	1	1	0	0	0	0	1	0	0	0:00:00	0:00:00	0:00:00
SHERIDAN CNTY LIBR	YMZ	MT	Public	1	1	0	1	1	0	0	0	0	0:00:00	0:00:00	0:00:00
SHERIDAN COL	S2@	WY	Academic	1	1	0	0	0	0	1	0	0	0:00:00	0:00:00	0:00:00
SHORTER UNIV	ZJB	GA	Academic	1	1	0	0	0	0	1	0	0	0:00:00	0:00:00	0:00:00
SIDNEY RICHLAND PUB LIBR	YNW	MT	Public	2	2	0	0	0	0	1	0	0	0:00:00	0:00:00	0:00:00
SIUSLAW PUB LIBR DIST	SIUSL	OR	Public	4	4	0	1	1	0	3	0	0	2:00:00	2:00:00	0:00:00
SKAGIT VAL COLL LIBR MEDIA CTR	Z74	WA	Academic	1	1	0	1	1	0	0	0	0	0:00:00	0:00:00	0:00:00
SKIDMORE COL	VZS	NY	Academic	2	2	0	0	0	0	2	0	0	0:00:00	0:00:00	0:00:00
SMITHSONIAN INSTITUTION	SMI	DC	Federal/Natl Government	5	5	0	4	4	0	0	0	0	0:12:00	0:12:00	0:00:00
SNO-ISLE LIBRS	OEM	WA	Public	25	25	0	14	14	0	12	0	0	2:13:41	2:13:41	0:00:00
SOUTH CAROLINA STATE LIBR	DSC	SC	State Library	1	1	0	1	1	0	0	0	0	0:00:00	0:00:00	0:00:00
SOUTH CENT LIBR SYST	WIM	WI	Public	10	10	0	6	6	0	4	0	0	6:12:00	6:12:00	0:00:00
SOUTH DAKOTA STATE LIBR	SDS	SD	State Library	1	1	0	0	0	0	1	0	0	0:00:00	0:00:00	0:00:00
SOUTH PLAINS COL LIBR	LEV	TX	"Junior, Community, Technical Colleges"	1	1	0	1	1	0	0	0	0	2:00:00	2:00:00	0:00:00
SOUTH PUGET SOUND COMMUN COL	Z@2	WA	"Junior, Community, Technical Colleges"	1	1	0	0	0	0	1	0	0	0:00:00	0:00:00	0:00:00
SOUTHEAST KENTUCKY COM & TECH COLL LIBR	KUS	KY	"Junior, Community, Technical Colleges"	0	0	0	1	1	0	0	0	0	1:00:00	1:00:00	0:00:00
"SOUTHERN METHODIST UNIV, CENT LIBR"	ISM	TX	Academic	4	4	0	1	1	0	3	0	0	1:00:00	1:00:00	0:00:00
SOUTHERN UTAH UNIV LIBR	UUA	UT	Academic	1	1	0	0	0	0	1	0	0	0:00:00	0:00:00	0:00:00
SOUTHWEST PUB LIBR	OGC	OH	Public	1	1	0	0	0	0	1	0	0	0:00:00	0:00:00	0:00:00
SPOKANE CNTY LIBR DIST	WSN	WA	Public	28	28	0	15	15	0	13	0	0	3:20:53	3:20:53	0:00:00
SPOKANE PUB LIBR	UAG	WA	Public	9	9	0	2	2	0	7	0	0	6:12:00	6:12:00	0:00:00
SPRINGFIELD CITY LIBR	WRS	MA	Public	1	1	0	1	1	0	0	0	0	1:00:00	1:00:00	0:00:00
STATE LIBR OF KANSAS	KKC	KS	State Library	1	1	0	0	0	0	1	0	0	0:00:00	0:00:00	0:00:00
STATE LIBR OF LOUISIANA	LSL	LA	State Library	1	1	0	1	1	0	0	0	0	0:00:00	0:00:00	0:00:00
STATE LIBR OF OHIO	OHI	OH	State Library	1	1	0	0	0	0	1	0	0	0:00:00	0:00:00	0:00:00
STATE LIBR OF OREGON	OSO	OR	State Library	1	1	0	0	0	0	1	0	0	0:00:00	0:00:00	0:00:00
STATESBORO REG LIBR	ZHT	GA	Public	1	1	0	1	1	0	0	0	0	0:00:00	0:00:00	0:00:00
STETSON UNIV	FDS	FL	Academic	1	1	0	0	0	0	1	0	0	0:00:00	0:00:00	0:00:00
SUNY COL AT ONEONTA	ZBM	NY	Academic	1	1	0	0	0	0	1	0	0	0:00:00	0:00:00	0:00:00
SUNY COL AT PURCHASE	ZPM	NY	Academic	1	1	0	1	1	0	0	0	0	0:00:00	0:00:00	0:00:00
TACOMA PUB LIBR	TAW	WA	Public	35	35	1	13	13	0	21	0	0	1:11:02	1:11:02	0:00:00
TARLETON STATE UNIV	TTS	TX	Academic	1	1	0	1	0	1	0	0	0	0:00:00	0:00:00	0:00:00
TEXAS A&M INT UNIV	TLS	TX	Academic	1	1	0	0	0	0	0	0	0	0:00:00	0:00:00	0:00:00
TEXAS A&M UNIV CENT TEXAS	TAMCT	TX	Academic	2	2	0	1	1	0	1	0	0	2:00:00	2:00:00	0:00:00
"TEXAS A&M UNIV, KINGSVILLE"	TAI	TX	Academic	2	2	0	1	1	0	1	0	0	0:00:00	0:00:00	0:00:00
TEXAS STATE LIBR & ARCHIVES COMN	IKM	TX	State Library	1	1	0	0	0	0	1	0	0	0:00:00	0:00:00	0:00:00
TEXAS STATE UNIV-SAN MARCOS	TXI	TX	Academic	7	7	0	5	5	0	2	0	0	1:04:48	1:04:48	0:00:00
TEXAS TECH UNIV	ILU	TX	Academic	6	6	0	6	6	0	0	0	0	0:00:00	0:00:00	0:00:00
TEXAS WOMAN'S UNIV LIBR	IWU	TX	Academic	2	2	0	0	0	0	2	0	0	0:00:00	0:00:00	0:00:00
THE CLAREMONT COLLEGES	HDC	CA	Academic	4	4	0	1	0	1	3	0	0	0:00:00	0:00:00	0:00:00
THE COLL OF ST SCHOLASTICA LIBR	MNS	MN	Academic	2	2	0	2	2	0	0	0	0	0:00:00	0:00:00	0:00:00
THE LIBRS OF STEVENS CNTY	LZS	WA	Public	1	1	0	0	0	0	1	0	0	0:00:00	0:00:00	0:00:00
THE MASTERS UNIV	MXL	CA	Academic	1	1	0	1	1	0	0	0	0	7:00:00	7:00:00	0:00:00
THOMAS CNTY PUB LIBR SYST	ZHU	GA	Public	2	2	0	1	1	0	1	0	0	3:00:00	3:00:00	0:00:00
THOMPSON-HICKMAN CNTY LIBR	THV	MT	Public	1	1	0	0	0	0	1	0	0	0:00:00	0:00:00	0:00:00
"THREE RIVERS PUB LIBR DIST, CHANNAHON"	TG3	IL	Public	1	1	0	0	0	0	1	0	0	0:00:00	0:00:00	0:00:00
TILLAMOOK CNTY LIBR	TCO	OR	Public	5	5	0	4	4	0	1	0	0	0:00:00	0:00:00	0:00:00
TIMBERLAND REG LIBR	UOJ	WA	Public	15	15	1	13	13	0	0	0	0	3:05:31	3:05:31	0:00:00
TOM GREEN CNTY LIBR SYST	QT5	TX	Public	2	2	0	2	2	0	0	0	0	1:00:00	1:00:00	0:00:00
TOOLE CNTY LIBR	YVU	MT	Public	1	1	0	0	0	0	1	0	0	0:00:00	0:00:00	0:00:00
TOPEKA & SHAWNEE CNTY PUB LIBR	KTP	KS	Public	1	1	0	1	1	0	0	0	0	1:00:00	1:00:00	0:00:00
TORRANCE PUB LIBR	CGI	CA	Public	1	1	0	0	0	0	1	0	0	0:00:00	0:00:00	0:00:00
TRANSYLVANIA UNIV	KTU	KY	Academic	2	2	0	2	2	0	0	0	0	1:00:00	1:00:00	0:00:00
TREASURE VAL COMMUN COL	TVC	OR	"Junior, Community, Technical Colleges"	4	4	0	4	4	0	0	0	0	0:18:00	0:18:00	0:00:00
TRINITY COLL LIBR	TYC	CT	Academic	2	2	0	0	0	0	2	0	0	0:00:00	0:00:00	0:00:00
"TRINITY UNIV, COATES LIBR"	TNY	TX	Academic	2	2	0	2	2	0	0	0	0	0:12:00	0:12:00	0:00:00
TRUCKEE MEADOWS COMMUN COL	NTF	NV	"Junior, Community, Technical Colleges"	1	1	0	1	1	0	0	0	0	1:00:00	1:00:00	0:00:00
TRUTH OR CONSEQUENCES PUB LIBR	DY3	NM	Public	1	1	0	1	1	0	0	0	0	1:00:00	1:00:00	0:00:00
TUFTS UNIV	TFW	MA	Academic	1	1	0	0	0	0	1	0	0	0:00:00	0:00:00	0:00:00
"TULARE CNTY, FREE LIBR SYST"	TCB	CA	Public	1	1	0	0	0	0	1	0	0	0:00:00	0:00:00	0:00:00
TWIN FALLS PUB LIBR	Y#4	ID	Public	5	5	0	0	0	0	5	0	0	0:00:00	0:00:00	0:00:00
TYLER PUB LIBR	QT7	TX	Public	1	1	0	0	0	0	1	0	0	0:00:00	0:00:00	0:00:00
U.S. ARMY PICATINNY	ADD	NJ	Federal/Natl Government	1	1	0	0	0	0	1	0	0	0:00:00	0:00:00	0:00:00
UC HASTINGS COLL OF THE LAW	CUH	CA	Academic	1	1	0	1	1	0	0	0	0	0:00:00	0:00:00	0:00:00
UNIV OF AKRON	AKR	OH	Academic	1	1	0	1	1	0	0	0	0	7:00:00	7:00:00	0:00:00
"UNIV OF ALASKA, ELMER E RASMUSON LIBR"	UAF	AK	Academic	1	1	0	1	1	0	0	0	0	2:00:00	2:00:00	0:00:00
UNIV OF ARKANSAS MULLINS	AFU	AR	Academic	2	2	0	1	1	0	1	0	0	0:00:00	0:00:00	0:00:00
UNIV OF CENTRAL MISSOURI LIBR	MCW	MO	Academic	4	4	0	1	1	0	3	0	0	5:00:00	5:00:00	0:00:00
UNIV OF COLORADO AT COLORADO SPRINGS	COX	CO	Academic	3	3	0	2	2	0	1	0	0	0:12:00	0:12:00	0:00:00
"UNIV OF COLORADO AT DENVER, AURARIA LIBR"	COA	CO	Academic	4	4	0	1	1	0	3	0	0	3:00:00	3:00:00	0:00:00
UNIV OF DALLAS	IVD	TX	Academic	1	1	0	1	1	0	0	0	0	0:00:00	0:00:00	0:00:00
UNIV OF DELAWARE	DLM	DE	Academic	1	1	0	0	0	0	1	0	0	0:00:00	0:00:00	0:00:00
"UNIV OF DIST OF COLUMBIA, VAN NESS"	DDU	DC	Academic	1	1	0	1	1	0	0	0	0	1:00:00	1:00:00	0:00:00
UNIV OF HOUSTON	TXH	TX	Academic	5	5	0	3	3	0	2	0	0	1:16:05	1:16:05	0:00:00
"UNIV OF HOUSTON, VICTORIA"	TXV	TX	Academic	1	1	0	0	0	0	1	0	0	0:00:00	0:00:00	0:00:00
UNIV OF IDAHO LIBR	NTD	ID	Academic	5	5	0	2	2	0	3	0	0	0:12:00	0:12:00	0:00:00
UNIV OF LOUISVILLE	KLG	KY	Academic	2	2	0	0	0	0	1	0	0	0:00:00	0:00:00	0:00:00
"UNIV OF LOUISVILLE, SCH OF MUSIC LIBR"	KLM	KY	Academic	1	1	0	1	1	0	0	0	0	0:00:00	0:00:00	0:00:00
"UNIV OF MONTANA, MANSFIELD LIBR"	MTG	MT	Academic	6	6	0	6	6	0	0	0	0	1:00:00	1:00:00	0:00:00
UNIV OF MONTEVALLO	AMN	AL	Academic	1	1	0	0	0	0	1	0	0	0:00:00	0:00:00	0:00:00
UNIV OF N ALABAMA	ANO	AL	Academic	1	1	0	0	0	0	1	0	0	0:00:00	0:00:00	0:00:00
UNIV OF N CAROLINA GREENSBORO	NGU	NC	Academic	3	3	0	1	1	0	2	0	0	2:00:00	2:00:00	0:00:00
UNIV OF N CAROLINA SCH OF THE ARTS	NZG	NC	Academic	1	1	0	0	0	0	1	0	0	0:00:00	0:00:00	0:00:00
"UNIV OF N CAROLINA, WILMINGTON"	NXW	NC	Academic	2	2	0	1	1	0	2	0	0	1:00:00	1:00:00	0:00:00
UNIV OF NEVADA RENO	NNY	NV	Academic	2	2	0	1	1	0	1	0	0	1:00:00	1:00:00	0:00:00
UNIV OF NEW MEXICO VALENCIA CAM LIBR	VL#	NM	Academic	2	2	0	2	2	0	0	0	0	1:00:00	1:00:00	0:00:00
UNIV OF NORTHERN COLORADO	COV	CO	Academic	1	1	0	1	0	1	0	0	0	0:00:00	0:00:00	0:00:00
UNIV OF OKLAHOMA	OKU	OK	Major Academic Research	1	1	0	0	0	0	1	0	0	0:00:00	0:00:00	0:00:00
UNIV OF PITTSBURGH	PIT	PA	Major Academic Research	1	1	0	0	0	0	1	0	0	0:00:00	0:00:00	0:00:00
UNIV OF PORTLAND	OUP	OR	Academic	4	4	0	3	3	0	1	0	0	0:07:55	0:07:55	0:00:00
UNIV OF PUGET SOUND LIBR	UPP	WA	Academic	20	20	1	17	14	3	2	0	0	0:05:46	0:01:41	1:00:00
UNIV OF SAINT FRANCIS	FW8	IN	Academic	2	2	0	2	2	0	0	0	0	0:00:00	0:00:00	0:00:00
"UNIV OF SAN DIEGO, J S COPLEY LIBR"	CDU	CA	Academic	1	1	0	1	1	0	0	0	0	8:00:00	8:00:00	0:00:00
UNIV OF SOUTHERN MISSISSIPPI	MUS	MS	Academic	5	5	0	0	0	0	5	0	0	0:00:00	0:00:00	0:00:00
UNIV OF ST THOMAS	MNT	MN	Academic	2	2	0	2	2	0	1	0	0	1:12:00	1:12:00	0:00:00
UNIV OF TEXAS AT ARLINGTON	IUA	TX	Academic	1	1	0	0	0	0	1	0	0	0:00:00	0:00:00	0:00:00
UNIV OF TEXAS AT DALLAS	ITD	TX	Academic	6	6	0	1	1	0	5	0	0	1:00:00	1:00:00	0:00:00
UNIV OF TEXAS AT EL PASO LIBR	TXU	TX	Academic	5	5	0	3	3	0	2	0	0	0:16:05	0:16:05	0:00:00
UNIV OF TEXAS AT PERMIAN BASIN	TXO	TX	Academic	1	1	0	1	1	0	0	0	0	0:00:00	0:00:00	0:00:00
UNIV OF TEXAS AT SAN ANTONIO	TXJ	TX	Academic	3	3	0	2	2	0	1	0	0	1:00:00	1:00:00	0:00:00
UNIV OF TEXAS AT TYLER	TEX	TX	Academic	2	2	0	0	0	0	2	0	0	0:00:00	0:00:00	0:00:00
UNIV OF TEXAS RIO GRANDE VAL THE	TPN	TX	Academic	1	1	0	1	1	0	0	0	0	1:00:00	1:00:00	0:00:00
UNIV OF THE SOUTH	TWU	TN	Academic	1	1	0	1	1	0	0	0	0	0:00:00	0:00:00	0:00:00
UNIV OF TOLEDO	TOL	OH	Academic	2	2	0	2	2	0	0	0	0	2:12:00	2:12:00	0:00:00
UNIV OF TULSA	OKT	OK	Academic	1	1	0	0	0	0	1	0	0	0:00:00	0:00:00	0:00:00
UNIV OF VIRGINIA	VA@	VA	Academic	2	2	0	2	1	1	1	0	0	6:12:00	9:00:00	4:00:00
"UNIV OF WASHINGTON, GALLAGHER LAW LIBR"	ONA	WA	Academic	1	1	0	0	0	0	1	0	0	0:00:00	0:00:00	0:00:00
UNIV OF WESTERN STATES	OOJ	OR	Academic	4	4	0	1	1	0	3	0	0	0:00:00	0:00:00	0:00:00
"UNIV OF WISCONSIN, MILWAUKEE"	GZN	WI	Academic	1	1	0	0	0	0	0	0	0	0:00:00	0:00:00	0:00:00
"UNIV OF WISCONSIN, STOUT"	GZS	WI	Academic	1	1	0	1	1	0	0	0	0	4:00:00	4:00:00	0:00:00
UNIV OF WYOMING LIBR	WYU	WY	Academic	5	5	0	4	4	0	1	0	0	0:18:00	0:18:00	0:00:00
"URBANA FREE LIBR, THE"	MR0	IL	Public	1	1	0	0	0	0	1	0	0	0:00:00	0:00:00	0:00:00
URBANDALE PUB LIBR	JIU	IA	Public	2	2	0	1	1	0	1	0	0	2:00:00	2:00:00	0:00:00
US AIR FORCE EDWARDS AFB TECH RES LIBR	CED	CA	Federal/Natl Government	1	1	0	1	1	0	0	0	0	1:00:00	1:00:00	0:00:00
"US AIR FORCE, FAIRCHILD AFB, FL4620"	FGJ	WA	Federal/Natl Government	1	1	0	1	1	0	0	0	0	0:00:00	0:00:00	0:00:00
"US AIR FORCE, MALMSTROM AFB, LIBR FL4626"	FGQ	MT	Federal/Natl Government	2	2	0	2	2	0	0	0	0	1:00:00	1:00:00	0:00:00
"US AIR FORCE, MOUNTAIN HOME AFB LIBR"	TYI	ID	Federal/Natl Government	2	2	0	0	0	0	2	0	0	0:00:00	0:00:00	0:00:00
"US ARMY CORPS OF ENG, PORTLAND DIST"	AFP	OR	Federal/Natl Government	1	1	0	1	1	0	0	0	0	3:00:00	3:00:00	0:00:00
US ARMY FT BRAGG	APB	NC	Federal/Natl Government	1	1	0	0	0	0	1	0	0	0:00:00	0:00:00	0:00:00
US ARMY WAR COL	AWC	PA	Federal/Natl Government	1	1	0	0	0	0	1	0	0	0:00:00	0:00:00	0:00:00
US MERCHANT MARINE ACAD	VYM	NY	Academic	1	1	0	0	0	0	1	0	0	0:00:00	0:00:00	0:00:00
UTAH STATE LIBR	ULC	UT	State Library	2	2	0	2	2	0	0	0	0	0:00:00	0:00:00	0:00:00
UTAH STATE UNIV	UUS	UT	Academic	2	2	0	1	1	0	1	0	0	0:00:00	0:00:00	0:00:00
UTAH VAL UNIV	UV$	UT	Academic	1	1	0	1	1	0	0	0	0	0:00:00	0:00:00	0:00:00
VALIER PUB LIBR	YVW	MT	Public	2	2	0	1	1	0	1	0	0	0:00:00	0:00:00	0:00:00
VALLEY OF TETONS LIBR	VTETL	ID	Public	2	2	0	0	0	0	2	0	0	0:00:00	0:00:00	0:00:00
VERMONT STATE LIBR	VSL	VT	State Library	1	1	0	0	0	0	1	0	0	0:00:00	0:00:00	0:00:00
VERNON AREA PUB LIBR DIST	IV@	IL	Public	1	1	0	1	1	0	0	0	0	5:00:00	5:00:00	0:00:00
VILLANOVA UNIV	PVU	PA	Academic	1	1	0	0	0	0	1	0	0	0:00:00	0:00:00	0:00:00
VINCENNES UNIV	IVV	IN	Academic	1	1	0	1	1	0	0	0	0	1:00:00	1:00:00	0:00:00
VIRGINIA TECH	VPI	VA	Academic	4	4	0	1	1	0	4	0	0	1:00:00	1:00:00	0:00:00
WALLA WALLA CNTY RURAL LIBR DIST	XVJ	WA	Public	4	4	0	3	3	0	1	0	0	2:07:55	2:07:55	0:00:00
WALLA WALLA COMMUN COL LIBR	XVG	WA	Academic	2	2	0	1	1	0	1	0	0	3:00:00	3:00:00	0:00:00
WALLA WALLA UNIV	OXG	WA	Academic	3	3	0	1	1	0	1	0	0	0:00:00	0:00:00	0:00:00
WARNER PACIFIC UNIV	OWP	OR	Academic	3	3	0	3	3	0	0	0	0	0:07:55	0:07:55	0:00:00
WARSAW COMMUN PUB LIBR	XWA	IN	Public	3	3	0	3	3	0	0	0	0	1:16:05	1:16:05	0:00:00
WARTBURG COL	IOW	IA	Academic	1	1	0	1	1	0	0	0	0	0:00:00	0:00:00	0:00:00
WASHINGTON CNTY COOP LIBR	OQX	OR	Public	42	42	0	3	3	0	39	0	0	3:16:05	3:16:05	0:00:00
WASHINGTON CORR CTR FOR WOMEN LIBR	Z83	WA	State or Municipal Governments	1	1	0	0	0	0	1	0	0	0:00:00	0:00:00	0:00:00
WASHINGTON STATE LIBR	WRJ	WA	State Library	3	3	0	3	3	0	0	0	0	0:00:00	0:00:00	0:00:00
WASHINGTON STATE UNIV LIBR	WS7	WA	Academic	3	3	0	0	0	0	3	0	0	0:00:00	0:00:00	0:00:00
"WASHINGTON STATE UNIV, TRI-CITIES"	EI1	WA	Academic	2	2	0	0	0	0	2	0	0	0:00:00	0:00:00	0:00:00
"WASHINGTON STATE UNIV, VANCOUVER"	WS2	WA	Academic	1	1	0	0	0	0	1	0	0	0:00:00	0:00:00	0:00:00
WASHOE CNTY LIBR SYST	NUW	NV	Public	9	9	0	2	2	0	7	0	0	2:00:00	2:00:00	0:00:00
WATERTOWN REG LIBR	ZWA	SD	Public	1	1	0	0	0	0	0	0	0	0:00:00	0:00:00	0:00:00
WAUKESHA CNTY TECH COLL LIBR	WCT	WI	"Junior, Community, Technical Colleges"	1	1	0	1	1	0	0	0	0	0:00:00	0:00:00	0:00:00
WEBER CNTY LIBR	UTW	UT	Public	1	1	0	0	0	0	1	0	0	0:00:00	0:00:00	0:00:00
WEBER STATE UNIV	UUO	UT	Academic	2	2	0	2	2	0	0	0	0	0:00:00	0:00:00	0:00:00
WEDSWORTH MEM LIBR	YRX	MT	Public	1	1	0	0	0	0	1	0	0	0:00:00	0:00:00	0:00:00
WESTCHESTER LIBR SYST	VVW	NY	Public	4	4	0	3	3	0	3	0	0	6:07:55	6:07:55	0:00:00
WESTERN COLORADO UNIV	COW	CO	Academic	1	1	0	0	0	0	1	0	0	0:00:00	0:00:00	0:00:00
WESTERN MICHIGAN UNIV	EXW	MI	Academic	1	1	0	0	0	0	1	0	0	0:00:00	0:00:00	0:00:00
WESTERN OREGON UNIV LIBR	WOS	OR	Academic	2	2	0	2	2	0	0	0	0	0:00:00	0:00:00	0:00:00
WESTERN SEMINARY	WBS	OR	Theological	2	2	0	1	1	0	1	0	0	0:00:00	0:00:00	0:00:00
WESTERN WASHINGTON UNIV	XFF	WA	Academic	9	9	2	6	6	0	2	0	0	0:19:55	0:19:55	0:00:00
WHATCOM CNTY LIBR SYST	WC4	WA	Public	31	31	1	19	19	0	11	0	0	0:15:07	0:15:07	0:00:00
WHEATON COL	WHE	MA	Academic	1	1	0	0	0	0	1	0	0	0:00:00	0:00:00	0:00:00
WHEATON COL	ICW	IL	Academic	4	4	0	0	0	0	4	0	0	0:00:00	0:00:00	0:00:00
WHEATON PUB LIBR	JAD	IL	Public	1	1	0	0	0	0	1	0	0	0:00:00	0:00:00	0:00:00
WHITE MOUNTAIN LIBR	W8W	WY	Public	2	2	0	1	1	0	1	0	0	4:00:00	4:00:00	0:00:00
WHITMAN CNTY RURAL LIBR DIST	XQU	WA	Public	4	4	0	0	0	0	4	0	0	0:00:00	0:00:00	0:00:00
"WHITMAN COL, PENROSE MEM LIBR"	HTM	WA	Academic	10	10	0	6	5	1	4	0	0	0:12:00	0:14:24	0:00:00
WHITWORTH UNIV	WTV	WA	Academic	6	6	0	5	5	0	1	0	0	1:00:00	1:00:00	0:00:00
WICHITA STATE UNIV	KSW	KS	Academic	2	2	0	1	1	0	1	0	0	0:00:00	0:00:00	0:00:00
WILLAMETTE UNIV LIBR	OWS	OR	Academic	6	6	0	5	5	0	1	0	0	0:00:00	0:00:00	0:00:00
WILLIAM K KOHRS MEM LIBR	YZU	MT	Public	1	1	0	0	0	0	1	0	0	0:00:00	0:00:00	0:00:00
WILLIAMSBURG REG LIBR	VAK	VA	Public	1	1	0	0	0	0	1	0	0	0:00:00	0:00:00	0:00:00
WILLIAMSVILLE PUB LIBR	ODO	IL	Public	1	1	0	0	0	0	1	0	0	0:00:00	0:00:00	0:00:00
WILMETTE PUB LIBR DIST	GP5	IL	Public	1	1	0	0	0	0	1	0	0	0:00:00	0:00:00	0:00:00
WINDWARD COMMUN COL LIBR	HCW	HI	Academic	2	2	0	0	0	0	2	0	0	0:00:00	0:00:00	0:00:00
WINNEFOX LIBR SYST	GZK	WI	Public	2	2	0	0	0	0	2	0	0	0:00:00	0:00:00	0:00:00
WITTENBERG UNIV	WIT	OH	Academic	2	2	0	1	1	0	1	0	0	5:00:00	5:00:00	0:00:00
YAKIMA VAL LIBRS	YVR	WA	Public	27	27	0	4	4	0	22	0	0	0:06:00	0:06:00	0:00:00
YAVAPAI COL LIBR	YVP	AZ	Academic	3	3	0	0	0	0	3	0	0	0:00:00	0:00:00	0:00:00
YUMA CNTY LIBR DIST	YCC	AZ	Public	1	1	0	0	0	0	1	0	0	0:00:00	0:00:00	0:00:00
